model,file,seed,status,wall_time,error,AUC-PR,AUC-ROC,VUS-PR,VUS-ROC,Standard-F1,PA-F1,Event-based-F1,R-based-F1,Affiliation-F,dataset
AnomalyTransformer,002_MSL_id_1_Sensor_tr_500_1st_900.csv,13,success,1.8597917556762695,,0.0060207991242474,0.49366740088105726,0.091769683974023,0.5626039684252634,0.011969413122318964,0.0,0.0,0.0,0.976190399466986,MSL
AnomalyTransformer,002_MSL_id_1_Sensor_tr_500_1st_900.csv,1337,success,1.7193927764892578,,0.0060207991242474,0.42263215859030834,0.04564117718112964,0.5906345826183854,0.011969413122318964,0.0,0.0,0.0,0.8180518035912913,MSL
AnomalyTransformer,002_MSL_id_1_Sensor_tr_500_1st_900.csv,17,success,1.727747917175293,,0.0060207991242474,0.4402533039647577,0.03168700698756928,0.5285123036298296,0.011969413122318964,0.0,0.0,0.0,0.7116515900047705,MSL
AnomalyTransformer,002_MSL_id_1_Sensor_tr_500_1st_900.csv,2024,success,1.721318244934082,,0.0060207991242474,0.4950440528634361,0.07945401312858637,0.530139834730307,0.011969413122318964,0.0,0.0,0.0,0.9750957086309892,MSL
AnomalyTransformer,002_MSL_id_1_Sensor_tr_500_1st_900.csv,42,success,1.7201528549194336,,0.0060207991242474,0.49201541850220265,0.03512576191028169,0.5186668412328607,0.011969413122318964,0.0,0.0,0.0,0.6953853809277266,MSL
AnomalyTransformer,027_MITDB_id_9_Medical_tr_25000_1st_52255.csv,13,success,87.90736842155457,,0.006959059273121125,0.5154860847701495,0.008046022882498411,0.5527979709864105,0.027019771335624866,0.9526952695269527,0.0444444444444444,0.04602543510887596,0.7830377675197046,MITDB
AnomalyTransformer,027_MITDB_id_9_Medical_tr_25000_1st_52255.csv,1337,success,87.73739242553711,,0.03294407121537013,0.4989050626162786,0.013635857745215023,0.5317577252870025,0.06645138191966103,1.0,0.9999999999999996,0.33844973138910206,0.9991591492221747,MITDB
AnomalyTransformer,027_MITDB_id_9_Medical_tr_25000_1st_52255.csv,17,success,97.53166270256042,,0.027931854380684996,0.5123214929420371,0.009980786639884628,0.5316208800436376,0.0448424833669532,1.0,0.9999999999999996,0.3460656990068755,0.998948097897928,MITDB
AnomalyTransformer,027_MITDB_id_9_Medical_tr_25000_1st_52255.csv,2024,success,87.74308776855469,,0.01808812473729984,0.5224831603986138,0.009466789002348507,0.5434734973303225,0.02912448540720395,1.0,0.9999999999999996,0.3460656990068755,0.9989319783295818,MITDB
AnomalyTransformer,027_MITDB_id_9_Medical_tr_25000_1st_52255.csv,42,success,87.91759157180786,,0.01636486663984646,0.49543837750485004,0.011850429700041977,0.5253671511288868,0.07029513221463457,1.0,0.9999999999999996,0.33589546502690243,0.9989090883448852,MITDB
AnomalyTransformer,078_SMD_id_22_Facility_tr_500_1st_326.csv,13,success,4.720188856124878,,0.05367362099886956,0.516844955804555,0.04790198005422675,0.4849345538733929,0.0846394481154227,0.8028953229398663,0.13793103448275812,0.09053355644755581,0.8101132659848873,SMD
AnomalyTransformer,078_SMD_id_22_Facility_tr_500_1st_326.csv,1337,success,4.164641618728638,,0.07953506172678454,0.5070681333334346,0.05831628139464547,0.4731384988661178,0.12162889749127082,0.4356877323420074,0.1052631578947364,0.04701544511723658,0.732354250417806,SMD
AnomalyTransformer,078_SMD_id_22_Facility_tr_500_1st_326.csv,17,success,4.171717882156372,,0.1315205898015035,0.5345503792814298,0.07870208897687608,0.48274058043222795,0.18152830628804295,0.910941475826972,0.4385185185185181,0.1171212805985279,0.7225426032392249,SMD
AnomalyTransformer,078_SMD_id_22_Facility_tr_500_1st_326.csv,2024,success,4.169390678405762,,0.09741470805030736,0.5437379867924411,0.059765251012040096,0.4859795564071775,0.1481442215439801,0.8758657432072456,0.34999999999999964,0.08847702696880935,0.7951144162767472,SMD
AnomalyTransformer,078_SMD_id_22_Facility_tr_500_1st_326.csv,42,success,4.167349338531494,,0.04776879471611595,0.45940239124143273,0.045828551649460036,0.4326146914298272,0.0846394481154227,0.8593831677992682,0.18461538461538413,0.07532083983326798,0.8562351690133507,SMD
AnomalyTransformer,115_PSM_id_1_Facility_tr_50000_1st_129872.csv,13,success,179.84902906417847,,0.1556595480476883,0.5680686910261418,0.16867893902476108,0.5724318499901159,0.22507579209106696,0.3319195512381995,0.19606495236705493,0.140399074270763,0.6613676742413853,PSM
AnomalyTransformer,115_PSM_id_1_Facility_tr_50000_1st_129872.csv,1337,success,218.61781978607178,,0.13703276171835485,0.5449407968277149,0.15035639865000633,0.5507815732097773,0.21063797489014424,0.7468016235934851,0.19299118425503947,0.14249074633510547,0.6586725158962863,PSM
AnomalyTransformer,115_PSM_id_1_Facility_tr_50000_1st_129872.csv,17,success,179.8408966064453,,0.15308333344959896,0.5510274102578077,0.16444928221269073,0.5600626488190974,0.22055172439429702,0.7273011979017147,0.18858438165500893,0.13996346598901027,0.6611670537809238,PSM
AnomalyTransformer,115_PSM_id_1_Facility_tr_50000_1st_129872.csv,2024,success,179.84232759475708,,0.16242404380074263,0.5765233565512501,0.17629742002367108,0.5842240880756137,0.22948317896287215,0.35036841749476105,0.2005719295667834,0.1417346717059894,0.6660890090121625,PSM
AnomalyTransformer,115_PSM_id_1_Facility_tr_50000_1st_129872.csv,42,success,179.8166844844818,,0.15174925044658955,0.5547508609502853,0.1658878648824042,0.5646261094588968,0.2192910564602378,0.5557661553041521,0.19195693510724599,0.1488721658945602,0.6651452086757615,PSM
AnomalyTransformer,132_OPPORTUNITY_id_4_HumanActivity_tr_895_1st_995.csv,13,success,4.443732023239136,,0.0504963771175786,0.5039098012914895,0.0514517523799207,0.5063232419806466,0.0897440460160424,0.948051948051948,0.27067669172932307,0.1864334745708141,0.6875437664386307,OPPORTUNITY
AnomalyTransformer,132_OPPORTUNITY_id_4_HumanActivity_tr_895_1st_995.csv,1337,success,4.420241832733154,,0.06389033563947452,0.5089001266821358,0.0679477892834758,0.5103115342373336,0.13588488591490921,0.9700996677740864,0.4499999999999997,0.21741078094669253,0.7307139713533464,OPPORTUNITY
AnomalyTransformer,132_OPPORTUNITY_id_4_HumanActivity_tr_895_1st_995.csv,17,success,4.4424889087677,,0.0675565494446879,0.6134867651857961,0.06925349860992461,0.6129289040362249,0.1628179845545718,0.947027027027027,0.3312101910828022,0.19007638370708757,0.6150266586939268,OPPORTUNITY
AnomalyTransformer,132_OPPORTUNITY_id_4_HumanActivity_tr_895_1st_995.csv,2024,success,4.573758125305176,,0.07190767204103801,0.6138899381493103,0.07506480475189276,0.6151730616899496,0.14911399149042204,0.9573770491803278,0.39175257731958724,0.2164376677287393,0.6798105731933484,OPPORTUNITY
AnomalyTransformer,132_OPPORTUNITY_id_4_HumanActivity_tr_895_1st_995.csv,42,success,4.419677019119263,,0.10862179240368672,0.5812405084758828,0.1146838236135483,0.5827363867940656,0.24397656301831097,0.9765886287625418,0.6226415094339618,0.27471336687689585,0.8501605149053085,OPPORTUNITY
AnomalyTransformer,139_CATSv2_id_2_Sensor_tr_5592_1st_5692.csv,13,success,38.57207679748535,,0.05945879529755448,0.49072834274271365,0.04513789425249553,0.5022151688885048,0.06697194609346414,0.8071296451992601,0.4985941893158382,0.12789919127229119,0.7385652256771317,CATSv2
AnomalyTransformer,139_CATSv2_id_2_Sensor_tr_5592_1st_5692.csv,1337,success,38.691972494125366,,0.060872962461363714,0.5109808639741363,0.046963489795910224,0.5232412620143478,0.07075463752565561,0.8142561569779083,0.6113989637305695,0.16394353876014905,0.7288359745884344,CATSv2
AnomalyTransformer,139_CATSv2_id_2_Sensor_tr_5592_1st_5692.csv,17,success,38.522024631500244,,0.06050902785943675,0.4982456853567522,0.04755571845542501,0.510971689053161,0.06766129206646737,0.880648899188876,0.5019305019305014,0.15866816640531675,0.7272125994919042,CATSv2
AnomalyTransformer,139_CATSv2_id_2_Sensor_tr_5592_1st_5692.csv,2024,success,38.51790809631348,,0.04797980059383046,0.47341595010615706,0.038910277104767244,0.4869281998098588,0.06547555715606918,0.7402422611036339,0.6113207547169806,0.17275634926634467,0.7316287739052585,CATSv2
AnomalyTransformer,139_CATSv2_id_2_Sensor_tr_5592_1st_5692.csv,42,success,38.54089951515198,,0.0621910109472554,0.50329440865663,0.0481822989358393,0.5143715293142311,0.07562691741422072,0.8210997760636974,0.5128205128205123,0.1337102287667631,0.7245971326535988,CATSv2
AnomalyTransformer,166_SMAP_id_23_Sensor_tr_1113_1st_1890.csv,13,success,3.9305031299591064,,0.020404245875415394,0.5465636954646972,0.015599161328095464,0.5226294550411084,0.12697958192131376,0.8367346938775511,0.3076923076923074,0.27840909090909094,0.9913031846726165,SMAP
AnomalyTransformer,166_SMAP_id_23_Sensor_tr_1113_1st_1890.csv,1337,success,3.9164834022521973,,0.015080269262158151,0.5104095261260864,0.009669387167470804,0.5000033194722483,0.04444282475038687,0.9318181818181818,0.24999999999999975,0.2093023255813954,0.9917574941113608,SMAP
AnomalyTransformer,166_SMAP_id_23_Sensor_tr_1113_1st_1890.csv,17,success,3.9125397205352783,,0.03337295218898742,0.027817703381022955,0.0338237923585081,0.028042068308506623,0.04761858277097771,1.0,0.9999999999999996,0.36000000000000004,0.9958143576881608,SMAP
AnomalyTransformer,166_SMAP_id_23_Sensor_tr_1113_1st_1890.csv,2024,success,3.9141955375671387,,0.012031488774353272,0.5106085399022622,0.009669387167470804,0.5000033194722483,0.040813594518571,0.9213483146067416,0.22222222222222202,0.18947368421052632,0.9908139110678256,SMAP
AnomalyTransformer,166_SMAP_id_23_Sensor_tr_1113_1st_1890.csv,42,success,3.9210634231567383,,0.013685462579877418,0.050458284501249374,0.015201814623604273,0.07609930089948747,0.063487518591923,0.9111111111111111,0.1999999999999998,0.24438902743142146,0.9902074045291359,SMAP
AnomalyTransformer,171_SWaT_id_1_Sensor_tr_3749_1st_9522.csv,13,success,13.694483041763306,,0.13992865012255476,0.5121917217602387,0.15874551039243884,0.5100079531989974,0.23389264665285056,0.19443254817987152,0.3435897435897431,0.11943808238210094,0.5095146049319241,SWaT
AnomalyTransformer,171_SWaT_id_1_Sensor_tr_3749_1st_9522.csv,1337,success,13.659658908843994,,0.13679658779258788,0.5144511581067472,0.16294596110802173,0.5647211685185858,0.23389264665285056,0.32219338092147953,0.23745208979740806,0.16454648330991833,0.7082420105107552,SWaT
AnomalyTransformer,171_SWaT_id_1_Sensor_tr_3749_1st_9522.csv,17,success,13.671767950057983,,0.13384782387739746,0.5077772114254044,0.1574960517911725,0.5085266835166448,0.23389264665285056,0.4830780192376202,0.3509933774834433,0.17658391601562526,0.6154683905637601,SWaT
AnomalyTransformer,171_SWaT_id_1_Sensor_tr_3749_1st_9522.csv,2024,success,13.659770250320435,,0.12871640528290415,0.5033053433991824,0.1510051277196024,0.4967861438767627,0.23389264665285056,0.6155908829726107,0.2350900021687267,0.14126606394046237,0.6775865107448285,SWaT
AnomalyTransformer,171_SWaT_id_1_Sensor_tr_3749_1st_9522.csv,42,success,13.684921026229858,,0.18155267926926766,0.5358535497908883,0.18200775692195742,0.5243008597957964,0.23389264665285056,0.5539097485359973,0.5389830508474571,0.18708312899987045,0.6809543533596153,SWaT
AnomalyTransformer,173_GECCO_id_1_Sensor_tr_16165_1st_16265.csv,13,success,65.0121419429779,,0.0610913308363323,0.4500693495697332,0.05369887542264678,0.5659218095198902,0.13713919556111312,0.3837154890032756,0.07526881720430101,0.016222651601261906,0.6443295291525977,GECCO
AnomalyTransformer,173_GECCO_id_1_Sensor_tr_16165_1st_16265.csv,1337,success,64.9962375164032,,0.018715008844600884,0.31581219743476047,0.026992428699818573,0.4065308722470298,0.048591646516563065,0.5203252032520326,0.10526315789473666,0.023448644801748648,0.6174283423353842,GECCO
AnomalyTransformer,173_GECCO_id_1_Sensor_tr_16165_1st_16265.csv,17,success,64.98596286773682,,0.09623157206587625,0.4008638582900371,0.037961072001934874,0.4625020677953445,0.15233975540621675,0.5682289506428868,0.1454545454545453,0.038310594188018826,0.6190756940300066,GECCO
AnomalyTransformer,173_GECCO_id_1_Sensor_tr_16165_1st_16265.csv,2024,success,64.99293565750122,,0.039546570435245794,0.4156655972556985,0.042686641880456816,0.49710774636898464,0.11799392419355728,0.3829985987856142,0.07407407407407397,0.017229467339013503,0.6236288990585028,GECCO
AnomalyTransformer,173_GECCO_id_1_Sensor_tr_16165_1st_16265.csv,42,success,64.98416137695312,,0.028959695173011203,0.391034810443027,0.0351484448674366,0.4901708750079807,0.07056368520257696,0.3824626865671642,0.07414634146341453,0.016158071247208694,0.628029314492563,GECCO
AnomalyTransformer,187_Exathlon_id_14_Facility_tr_6193_1st_6293.csv,13,success,24.24822187423706,,0.13130427433802308,0.4145657768123862,0.13576080165156731,0.4224926651613694,0.22169515324888034,0.9974279835390947,0.8451882845188279,0.33185097180677925,0.9351013895850775,Exathlon
AnomalyTransformer,187_Exathlon_id_14_Facility_tr_6193_1st_6293.csv,1337,success,24.231144905090332,,0.18721863453281756,0.42590427624861227,0.19231948974001006,0.43720602367801287,0.22169515324888034,1.0,0.9999999999999996,0.3345633154627985,0.9740985781691277,Exathlon
AnomalyTransformer,187_Exathlon_id_14_Facility_tr_6193_1st_6293.csv,17,success,24.24226403236389,,0.26673313279566735,0.5238152670478939,0.2745229223846455,0.5314374665339894,0.2501200526690435,1.0,0.9999999999999996,0.3347298514288283,0.9979472577760046,Exathlon
AnomalyTransformer,187_Exathlon_id_14_Facility_tr_6193_1st_6293.csv,2024,success,24.236116886138916,,0.15875158669011333,0.43492806542380635,0.16536716516079766,0.44161625048053366,0.22169515324888034,1.0,0.9999999999999996,0.3347373468929493,0.9649064196487519,Exathlon
AnomalyTransformer,187_Exathlon_id_14_Facility_tr_6193_1st_6293.csv,42,success,24.406687021255493,,0.19165076833214378,0.48304614342469426,0.19955732746090213,0.49008712030000573,0.22169515324888034,0.9999140524280189,0.993377483443708,0.33373697117687734,0.978307098053983,Exathlon
AutoEncoder,002_MSL_id_1_Sensor_tr_500_1st_900.csv,13,success,0.3896198272705078,,0.2858658533031459,0.7068982779335203,0.1824614046097624,0.9096350464127981,0.42856806125094726,1.0,0.9999999999999996,0.5897435897435898,0.9991533864541826,MSL
AutoEncoder,002_MSL_id_1_Sensor_tr_500_1st_900.csv,1337,success,0.39049792289733887,,0.28471819513092744,0.6882258710452543,0.18941386520494122,0.905570496628767,0.42856806125094726,1.0,0.9999999999999996,0.5897435897435898,0.9991533864541826,MSL
AutoEncoder,002_MSL_id_1_Sensor_tr_500_1st_900.csv,17,success,0.38886022567749023,,0.28471819513092744,0.6882258710452543,0.1957773502329605,0.9053945278696046,0.42856806125094726,1.0,0.9999999999999996,0.5897435897435898,0.9991533864541826,MSL
AutoEncoder,002_MSL_id_1_Sensor_tr_500_1st_900.csv,2024,success,0.3889293670654297,,0.2848946844896959,0.6938325991189428,0.18930925275407537,0.9059020918724668,0.42856806125094726,1.0,0.9999999999999996,0.5897435897435898,0.9991533864541826,MSL
AutoEncoder,002_MSL_id_1_Sensor_tr_500_1st_900.csv,42,success,0.39073753356933594,,0.2789006699082175,0.6414197036443733,0.1829964721758722,0.8794203525905788,0.42856806125094726,1.0,0.9999999999999996,0.5897435897435898,0.9991533864541826,MSL
AutoEncoder,027_MITDB_id_9_Medical_tr_25000_1st_52255.csv,13,success,23.893890619277954,,0.005598342023990952,0.5432890930430843,0.006116234255051685,0.5497998637977177,0.025467218883791526,0.2370654256775253,0.02790373212417158,0.01027114419144772,0.6832570843325241,MITDB
AutoEncoder,027_MITDB_id_9_Medical_tr_25000_1st_52255.csv,1337,success,23.81009340286255,,0.00550978230586305,0.5250848181865352,0.006128996562930567,0.5593990541633715,0.02527409967236556,0.2370654256775253,0.02790373212417158,0.01027114419144772,0.6832570843325241,MITDB
AutoEncoder,027_MITDB_id_9_Medical_tr_25000_1st_52255.csv,17,success,23.97931408882141,,0.0052935240278499775,0.5299713695636981,0.005816179013336457,0.5313731205956159,0.025451012966739933,0.2370654256775253,0.02790373212417158,0.01027114419144772,0.6897800136787995,MITDB
AutoEncoder,027_MITDB_id_9_Medical_tr_25000_1st_52255.csv,2024,success,23.643106698989868,,0.00558958821858823,0.5251423884820812,0.006215075701604997,0.5594728097234929,0.026224333342091764,0.24223776223776225,0.02868411617067046,0.010597695569316262,0.6840449884728029,MITDB
AutoEncoder,027_MITDB_id_9_Medical_tr_25000_1st_52255.csv,42,success,23.777734994888306,,0.005305727439149698,0.5326045495239189,0.005830232768864495,0.5340107984266772,0.02533012289065455,0.2370654256775253,0.02790373212417158,0.01027114419144772,0.6832570843325241,MITDB
AutoEncoder,078_SMD_id_22_Facility_tr_500_1st_326.csv,13,success,0.9518489837646484,,0.048071447062150385,0.5531177044028261,0.06237245063998041,0.5135175322236929,0.15175308824179684,0.4503253796095445,0.08771929824561356,0.03864240479044453,0.6703217682679228,SMD
AutoEncoder,078_SMD_id_22_Facility_tr_500_1st_326.csv,1337,success,0.5942389965057373,,0.04834079845668284,0.5560632941833616,0.06289792133423314,0.5212389412458335,0.1541346474001983,0.46422182468694095,0.08771929824561356,0.04706081016117244,0.6703237095043625,SMD
AutoEncoder,078_SMD_id_22_Facility_tr_500_1st_326.csv,17,success,0.5934627056121826,,0.048471970473330114,0.5590757745495408,0.0629005293872491,0.5049172382359219,0.1546571688797616,0.5026634382566586,0.1001440922190199,0.1550455919876879,0.6728348160777841,SMD
AutoEncoder,078_SMD_id_22_Facility_tr_500_1st_326.csv,2024,success,0.5926063060760498,,0.04826611919563435,0.556089485263869,0.06115544869880975,0.5065537777779856,0.15119005781466147,0.48686679174484054,0.10004731967822593,0.05456966362809085,0.672726077559762,SMD
AutoEncoder,078_SMD_id_22_Facility_tr_500_1st_326.csv,42,success,0.5939478874206543,,0.04794529343796588,0.5513040247972596,0.06323582778016541,0.5008119912792535,0.15293632242671912,0.45327510917030567,0.08771929824561356,0.03896505552939791,0.6765131743619613,SMD
AutoEncoder,115_PSM_id_1_Facility_tr_50000_1st_129872.csv,13,success,48.541980504989624,,0.29762057179774004,0.7290234814791497,0.2737897117340838,0.7236796749258653,0.37471951849397583,0.8522478006880787,0.45142886264317245,0.29977110748661534,0.7598921746511467,PSM
AutoEncoder,115_PSM_id_1_Facility_tr_50000_1st_129872.csv,1337,success,49.45674133300781,,0.2828215014188177,0.7079018660879665,0.25579369419610176,0.6979209836448228,0.3665871620622771,0.855691386949361,0.4426093674769615,0.29912914347939,0.7669059713603996,PSM
AutoEncoder,115_PSM_id_1_Facility_tr_50000_1st_129872.csv,17,success,48.79458141326904,,0.28687768565846544,0.7085347188617575,0.25789887884341073,0.6992221504128522,0.3731961594606503,0.8456813589163882,0.429005482855675,0.2731975791831285,0.7653663287025729,PSM
AutoEncoder,115_PSM_id_1_Facility_tr_50000_1st_129872.csv,2024,success,48.70782446861267,,0.2907935638344987,0.7192823635360319,0.2590389086064022,0.7044663711453023,0.37496645332183615,0.8424727214697493,0.3946543672889478,0.22473719943965076,0.7627769316179833,PSM
AutoEncoder,115_PSM_id_1_Facility_tr_50000_1st_129872.csv,42,success,49.43795442581177,,0.2902618850062402,0.7114887753835053,0.2582725354226822,0.7017061588735733,0.3714418898497577,0.8424368072721473,0.4352748849600383,0.2698689879870277,0.7704578635647045,PSM
AutoEncoder,132_OPPORTUNITY_id_4_HumanActivity_tr_895_1st_995.csv,13,success,0.8957903385162354,,0.06773009447036238,0.6506291708101747,0.07135079032055505,0.6506647577238385,0.20215844456359558,0.3011344104503266,0.2103361040838451,0.27146753984828154,0.7096450669706549,OPPORTUNITY
AutoEncoder,132_OPPORTUNITY_id_4_HumanActivity_tr_895_1st_995.csv,1337,success,0.8920474052429199,,0.06523578063528136,0.6400950244499091,0.068327076858964,0.640170752172195,0.1926641730189419,0.297554347826087,0.20197740112994333,0.2431394217628093,0.6998913995842135,OPPORTUNITY
AutoEncoder,132_OPPORTUNITY_id_4_HumanActivity_tr_895_1st_995.csv,17,success,0.8934016227722168,,0.05862835399004204,0.6085671042725028,0.06077467981432877,0.6087657885417672,0.1704895331540434,0.27289719626168224,0.17587939698492444,0.17324836898389062,0.6834509484380975,OPPORTUNITY
AutoEncoder,132_OPPORTUNITY_id_4_HumanActivity_tr_895_1st_995.csv,2024,success,0.8859090805053711,,0.06237004453455193,0.6265292435303459,0.06466628193270794,0.6266609357891024,0.18152727952079714,0.2921947965310207,0.19073024341447128,0.21581772465681356,0.6930119208348563,OPPORTUNITY
AutoEncoder,132_OPPORTUNITY_id_4_HumanActivity_tr_895_1st_995.csv,42,success,0.8868386745452881,,0.06440819238791373,0.6358268900178073,0.06741545023517322,0.6358719278560424,0.1903469274308964,0.2973523421588595,0.1999300943725968,0.2484959028666322,0.6981015506915609,OPPORTUNITY
AutoEncoder,139_CATSv2_id_2_Sensor_tr_5592_1st_5692.csv,13,success,6.906757354736328,,0.044143178476282324,0.5719014323167986,0.046018033647432774,0.5532498583040648,0.08759725130696094,0.06547651526049236,0.0654765152604923,0.003476630197167073,0.6678852566032287,CATSv2
AutoEncoder,139_CATSv2_id_2_Sensor_tr_5592_1st_5692.csv,1337,success,6.895916700363159,,0.04445837768518327,0.577901725857299,0.04668005875283872,0.5616685238586366,0.0883703389085186,0.06547651526049236,0.0654765152604923,0.00347068845838329,0.6678855010658111,CATSv2
AutoEncoder,139_CATSv2_id_2_Sensor_tr_5592_1st_5692.csv,17,success,6.9055116176605225,,0.04489334891469491,0.6206276949430611,0.04946092731854177,0.6013052431736563,0.09762122708051234,0.06547651526049236,0.0654765152604923,0.0034448921644361858,0.6678865721869601,CATSv2
AutoEncoder,139_CATSv2_id_2_Sensor_tr_5592_1st_5692.csv,2024,success,6.8818535804748535,,0.04548717763291869,0.591261427169787,0.04760725101304704,0.5774086879579453,0.08928970434164231,0.06547651526049236,0.0654765152604923,0.003476959872722196,0.66788524306376,CATSv2
AutoEncoder,139_CATSv2_id_2_Sensor_tr_5592_1st_5692.csv,42,success,6.876996040344238,,0.04466936274395714,0.5869756498102039,0.0472509098343975,0.5731250833851079,0.08813464251716503,0.06547651526049236,0.0654765152604923,0.0034689554764820584,0.6678855725240873,CATSv2
AutoEncoder,166_SMAP_id_23_Sensor_tr_1113_1st_1890.csv,13,success,0.9987661838531494,,0.613349180875595,0.8047895982132985,0.6135295169434033,0.8049235694678866,0.7575710514525591,1.0,0.9999999999999996,0.4870848708487085,0.9998178478934036,SMAP
AutoEncoder,166_SMAP_id_23_Sensor_tr_1113_1st_1890.csv,1337,success,0.9977912902832031,,0.613349180875595,0.8047895982132985,0.6135295169434033,0.8049235694678866,0.7575710514525591,1.0,0.9999999999999996,0.4870848708487085,0.9998178478934036,SMAP
AutoEncoder,166_SMAP_id_23_Sensor_tr_1113_1st_1890.csv,17,success,0.99544358253479,,0.613349180875595,0.8047895982132985,0.6135295169434033,0.8049235694678866,0.7575710514525591,1.0,0.9999999999999996,0.4870848708487085,0.9998178478934036,SMAP
AutoEncoder,166_SMAP_id_23_Sensor_tr_1113_1st_1890.csv,2024,success,0.9947481155395508,,0.613349180875595,0.8047895982132985,0.6135295169434033,0.8049235694678866,0.7575710514525591,1.0,0.9999999999999996,0.4870848708487085,0.9998178478934036,SMAP
AutoEncoder,166_SMAP_id_23_Sensor_tr_1113_1st_1890.csv,42,success,0.9994428157806396,,0.613349180875595,0.8047895982132985,0.6135295169434033,0.8049235694678866,0.7575710514525591,1.0,0.9999999999999996,0.4870848708487085,0.9998178478934036,SMAP
AutoEncoder,171_SWaT_id_1_Sensor_tr_3749_1st_9522.csv,13,success,3.6525745391845703,,0.5376076142908064,0.9160893355719089,0.608201956117307,0.9264677524702779,0.6833214711164756,0.7414711102346677,0.6801270796756119,0.5216987657942114,0.773726862223385,SWaT
AutoEncoder,171_SWaT_id_1_Sensor_tr_3749_1st_9522.csv,1337,success,3.638047933578491,,0.53628268051966,0.9163071748202055,0.603600677550288,0.9251585901653846,0.6756484113102388,0.7414711102346677,0.6801270796756119,0.5216987657942114,0.773726862223385,SWaT
AutoEncoder,171_SWaT_id_1_Sensor_tr_3749_1st_9522.csv,17,success,3.6382339000701904,,0.5363834806702242,0.9149873093205088,0.607083186211397,0.9258857058984548,0.6846153748839192,0.7414711102346677,0.6801270796756119,0.5216987657942114,0.773726862223385,SWaT
AutoEncoder,171_SWaT_id_1_Sensor_tr_3749_1st_9522.csv,2024,success,3.6374306678771973,,0.536805180985794,0.9164795381660865,0.6042840892840045,0.925447237645809,0.6756484113102388,0.7414711102346677,0.6801270796756119,0.5216987657942114,0.773726862223385,SWaT
AutoEncoder,171_SWaT_id_1_Sensor_tr_3749_1st_9522.csv,42,success,3.646242618560791,,0.5395697816410472,0.9183571704467783,0.6088086115727247,0.9269090035515136,0.6871376804317014,0.7414711102346677,0.6801270796756119,0.5216987657942114,0.773726862223385,SWaT
AutoEncoder,173_GECCO_id_1_Sensor_tr_16165_1st_16265.csv,13,success,16.077471017837524,,0.19150737680176558,0.6454293110653477,0.05132526057767435,0.6155143428472653,0.3325807902436983,0.2747635639621702,0.07501339524915156,0.04917342983852377,0.6687031011311723,GECCO
AutoEncoder,173_GECCO_id_1_Sensor_tr_16165_1st_16265.csv,1337,success,16.706005811691284,,0.19070023954593054,0.6289813245344286,0.0497472961164026,0.5870285661780826,0.3325807902436983,0.2747635639621702,0.07501339524915156,0.04917342983852377,0.6687031180848885,GECCO
AutoEncoder,173_GECCO_id_1_Sensor_tr_16165_1st_16265.csv,17,success,16.091095685958862,,0.19076721572818256,0.6313160806760731,0.049037990827801435,0.5924888326631346,0.3325807902436983,0.2747635639621702,0.07501339524915156,0.04917342983852377,0.6687030293840718,GECCO
AutoEncoder,173_GECCO_id_1_Sensor_tr_16165_1st_16265.csv,2024,success,16.063740491867065,,0.1891438279718993,0.6259766085180365,0.046801158002920035,0.5718759800121987,0.33243137747652124,0.2747635639621702,0.07501339524915156,0.04917342983852377,0.6687031748766116,GECCO
AutoEncoder,173_GECCO_id_1_Sensor_tr_16165_1st_16265.csv,42,success,16.098671197891235,,0.1901222730251765,0.6341513531700322,0.04861055673545254,0.5936520890311591,0.3325807902436983,0.2747635639621702,0.07501339524915156,0.04917342983852377,0.6687031726848766,GECCO
AutoEncoder,187_Exathlon_id_14_Facility_tr_6193_1st_6293.csv,13,success,6.076732158660889,,0.9915451853050143,0.9968733759804455,0.9950965431621931,0.9991058904926663,0.9725123436337413,1.0,0.9999999999999996,0.3835197208987809,0.9990462481938023,Exathlon
AutoEncoder,187_Exathlon_id_14_Facility_tr_6193_1st_6293.csv,1337,success,6.081584215164185,,0.9915702556749458,0.9968694405257909,0.9950603787903851,0.9990922016333125,0.9725171689238609,1.0,0.9999999999999996,0.37805329073645483,0.9990462481938023,Exathlon
AutoEncoder,187_Exathlon_id_14_Facility_tr_6193_1st_6293.csv,17,success,6.109069108963013,,0.9914994356398088,0.9968637036009844,0.9949309943684186,0.9990820038242476,0.9717096897174463,1.0,0.9999999999999996,0.3835197208987809,0.9990317555374532,Exathlon
AutoEncoder,187_Exathlon_id_14_Facility_tr_6193_1st_6293.csv,2024,success,6.147221088409424,,0.9915273048904043,0.9968616916787117,0.9950337966155351,0.9990947127842105,0.9722513675529245,1.0,0.9999999999999996,0.3835197208987809,0.9990462481938023,Exathlon
AutoEncoder,187_Exathlon_id_14_Facility_tr_6193_1st_6293.csv,42,success,6.160031318664551,,0.9915364002780204,0.9968866260459559,0.9950424690672729,0.9990981155551311,0.9721611275480541,1.0,0.9999999999999996,0.37810846044774415,0.9990315645594333,Exathlon
CBLOF,002_MSL_id_1_Sensor_tr_500_1st_900.csv,13,success,0.07964134216308594,,0.28365638365547063,0.7726772126551863,0.13277603527420603,0.9025684274808107,0.42856806125094726,1.0,0.9999999999999996,0.5897435897435898,0.9991533864541826,MSL
CBLOF,002_MSL_id_1_Sensor_tr_500_1st_900.csv,1337,success,0.10037827491760254,,0.28365638365547063,0.7726772126551863,0.13277603527420603,0.9025684274808107,0.42856806125094726,1.0,0.9999999999999996,0.5897435897435898,0.9991533864541826,MSL
CBLOF,002_MSL_id_1_Sensor_tr_500_1st_900.csv,17,success,0.09999990463256836,,0.28365638365547063,0.7726772126551863,0.13277603527420603,0.9025684274808107,0.42856806125094726,1.0,0.9999999999999996,0.5897435897435898,0.9991533864541826,MSL
CBLOF,002_MSL_id_1_Sensor_tr_500_1st_900.csv,2024,success,0.09992504119873047,,0.28365638365547063,0.7726772126551863,0.13277603527420603,0.9025684274808107,0.42856806125094726,1.0,0.9999999999999996,0.5897435897435898,0.9991533864541826,MSL
CBLOF,002_MSL_id_1_Sensor_tr_500_1st_900.csv,42,success,0.09993290901184082,,0.28365638365547063,0.7726772126551863,0.13277603527420603,0.9025684274808107,0.42856806125094726,1.0,0.9999999999999996,0.5897435897435898,0.9991533864541826,MSL
CBLOF,027_MITDB_id_9_Medical_tr_25000_1st_52255.csv,13,success,0.08361458778381348,,0.005770519611876464,0.5233702114915089,0.006247576116514654,0.5491289370364552,0.025139069495460038,0.24223776223776225,0.02868411617067046,0.010597695569316262,0.6840449884728029,MITDB
CBLOF,027_MITDB_id_9_Medical_tr_25000_1st_52255.csv,1337,success,0.12685465812683105,,0.005770519611876464,0.5233702114915089,0.006247576116514654,0.5491289370364552,0.025139069495460038,0.24223776223776225,0.02868411617067046,0.010597695569316262,0.6840449884728029,MITDB
CBLOF,027_MITDB_id_9_Medical_tr_25000_1st_52255.csv,17,success,0.12470030784606934,,0.005770519611876464,0.5233702114915089,0.006247576116514654,0.5491289370364552,0.025139069495460038,0.24223776223776225,0.02868411617067046,0.010597695569316262,0.6840449884728029,MITDB
CBLOF,027_MITDB_id_9_Medical_tr_25000_1st_52255.csv,2024,success,0.11298227310180664,,0.005770519611876464,0.5233702114915089,0.006247576116514654,0.5491289370364552,0.025139069495460038,0.24223776223776225,0.02868411617067046,0.010597695569316262,0.6840449884728029,MITDB
CBLOF,027_MITDB_id_9_Medical_tr_25000_1st_52255.csv,42,success,0.10671138763427734,,0.005770519611876464,0.5233702114915089,0.006247576116514654,0.5491289370364552,0.025139069495460038,0.24223776223776225,0.02868411617067046,0.010597695569316262,0.6840449884728029,MITDB
CBLOF,078_SMD_id_22_Facility_tr_500_1st_326.csv,13,success,0.14488840103149414,,0.47236271834097177,0.7935762009875682,0.13776417988637701,0.6269029626595254,0.5354182525704374,0.5803389830508474,0.28456066141126657,0.6012196530374523,0.8781978450113042,SMD
CBLOF,078_SMD_id_22_Facility_tr_500_1st_326.csv,1337,success,0.13532304763793945,,0.47236271834097177,0.7935762009875682,0.13776417988637701,0.6269029626595254,0.5354182525704374,0.5803389830508474,0.28456066141126657,0.6012196530374523,0.8781978450113042,SMD
CBLOF,078_SMD_id_22_Facility_tr_500_1st_326.csv,17,success,0.13460206985473633,,0.47236271834097177,0.7935762009875682,0.13776417988637701,0.6269029626595254,0.5354182525704374,0.5803389830508474,0.28456066141126657,0.6012196530374523,0.8781978450113042,SMD
CBLOF,078_SMD_id_22_Facility_tr_500_1st_326.csv,2024,success,0.1394977569580078,,0.47236271834097177,0.7935762009875682,0.13776417988637701,0.6269029626595254,0.5354182525704374,0.5803389830508474,0.28456066141126657,0.6012196530374523,0.8781978450113042,SMD
CBLOF,078_SMD_id_22_Facility_tr_500_1st_326.csv,42,success,0.13475465774536133,,0.47236271834097177,0.7935762009875682,0.13776417988637701,0.6269029626595254,0.5354182525704374,0.5803389830508474,0.28456066141126657,0.6012196530374523,0.8781978450113042,SMD
CBLOF,115_PSM_id_1_Facility_tr_50000_1st_129872.csv,13,success,0.48845672607421875,,0.20076807701172444,0.6674348132404697,0.1955692235410902,0.6501086042242653,0.2807350914907945,0.7766385155227786,0.32034946599972913,0.2553847535543566,0.8113848279365258,PSM
CBLOF,115_PSM_id_1_Facility_tr_50000_1st_129872.csv,1337,success,0.5015575885772705,,0.20076807701172444,0.6674348132404697,0.1955692235410902,0.6501086042242653,0.2807350914907945,0.7766385155227786,0.32034946599972913,0.2553847535543566,0.8113848279365258,PSM
CBLOF,115_PSM_id_1_Facility_tr_50000_1st_129872.csv,17,success,0.49117422103881836,,0.20076807701172444,0.6674348132404697,0.1955692235410902,0.6501086042242653,0.2807350914907945,0.7766385155227786,0.32034946599972913,0.2553847535543566,0.8113848279365258,PSM
CBLOF,115_PSM_id_1_Facility_tr_50000_1st_129872.csv,2024,success,0.49182701110839844,,0.20076807701172444,0.6674348132404697,0.1955692235410902,0.6501086042242653,0.2807350914907945,0.7766385155227786,0.32034946599972913,0.2553847535543566,0.8113848279365258,PSM
CBLOF,115_PSM_id_1_Facility_tr_50000_1st_129872.csv,42,success,0.483234167098999,,0.20076807701172444,0.6674348132404697,0.1955692235410902,0.6501086042242653,0.2807350914907945,0.7766385155227786,0.32034946599972913,0.2553847535543566,0.8113848279365258,PSM
CBLOF,132_OPPORTUNITY_id_4_HumanActivity_tr_895_1st_995.csv,13,success,0.18257999420166016,,0.06247544020814179,0.6707649493913861,0.06326341721207535,0.6712639045403426,0.18318794547151557,0.5318761384335154,0.18284228769497385,0.13577185368877867,0.8457273398829694,OPPORTUNITY
CBLOF,132_OPPORTUNITY_id_4_HumanActivity_tr_895_1st_995.csv,1337,success,0.18053030967712402,,0.06247544020814179,0.6707649493913861,0.06326341721207535,0.6712639045403426,0.18318794547151557,0.5318761384335154,0.18284228769497385,0.13577185368877867,0.8457273398829694,OPPORTUNITY
CBLOF,132_OPPORTUNITY_id_4_HumanActivity_tr_895_1st_995.csv,17,success,0.18375539779663086,,0.06247544020814179,0.6707649493913861,0.06326341721207535,0.6712639045403426,0.18318794547151557,0.5318761384335154,0.18284228769497385,0.13577185368877867,0.8457273398829694,OPPORTUNITY
CBLOF,132_OPPORTUNITY_id_4_HumanActivity_tr_895_1st_995.csv,2024,success,0.17957043647766113,,0.06247544020814179,0.6707649493913861,0.06326341721207535,0.6712639045403426,0.18318794547151557,0.5318761384335154,0.18284228769497385,0.13577185368877867,0.8457273398829694,OPPORTUNITY
CBLOF,132_OPPORTUNITY_id_4_HumanActivity_tr_895_1st_995.csv,42,success,0.1800992488861084,,0.06247544020814179,0.6707649493913861,0.06326341721207535,0.6712639045403426,0.18318794547151557,0.5318761384335154,0.18284228769497385,0.13577185368877867,0.8457273398829694,OPPORTUNITY
CBLOF,139_CATSv2_id_2_Sensor_tr_5592_1st_5692.csv,13,success,0.4313228130340576,,0.04864774387199651,0.6359537637521714,0.054957583477767497,0.6375356020363002,0.11186508349783444,0.29104277562899705,0.1166287015945329,0.13598979288797794,0.6678874037993899,CATSv2
CBLOF,139_CATSv2_id_2_Sensor_tr_5592_1st_5692.csv,1337,success,0.41566944122314453,,0.04864774387199651,0.6359537637521714,0.054957583477767497,0.6375356020363002,0.11186508349783444,0.29104277562899705,0.1166287015945329,0.13598979288797794,0.6678874037993899,CATSv2
CBLOF,139_CATSv2_id_2_Sensor_tr_5592_1st_5692.csv,17,success,0.41945481300354004,,0.04864774387199651,0.6359537637521714,0.054957583477767497,0.6375356020363002,0.11186508349783444,0.29104277562899705,0.1166287015945329,0.13598979288797794,0.6678874037993899,CATSv2
CBLOF,139_CATSv2_id_2_Sensor_tr_5592_1st_5692.csv,2024,success,0.44688892364501953,,0.04864774387199651,0.6359537637521714,0.054957583477767497,0.6375356020363002,0.11186508349783444,0.29104277562899705,0.1166287015945329,0.13598979288797794,0.6678874037993899,CATSv2
CBLOF,139_CATSv2_id_2_Sensor_tr_5592_1st_5692.csv,42,success,0.4194040298461914,,0.04864774387199651,0.6359537637521714,0.054957583477767497,0.6375356020363002,0.11186508349783444,0.29104277562899705,0.1166287015945329,0.13598979288797794,0.6678874037993899,CATSv2
CBLOF,166_SMAP_id_23_Sensor_tr_1113_1st_1890.csv,13,success,0.10160255432128906,,0.7322267516295389,0.9236671605156669,0.6199778242320767,0.9154755811923446,0.811589380410928,1.0,0.9999999999999996,0.4870848708487085,0.9998178478934036,SMAP
CBLOF,166_SMAP_id_23_Sensor_tr_1113_1st_1890.csv,1337,success,0.10409116744995117,,0.7321193148446823,0.917906817327466,0.5486713211842335,0.898360568510637,0.811589380410928,1.0,0.9999999999999996,0.4870848708487085,0.9998178478934036,SMAP
CBLOF,166_SMAP_id_23_Sensor_tr_1113_1st_1890.csv,17,success,0.10177040100097656,,0.7321193148446823,0.917906817327466,0.5486713211842335,0.898360568510637,0.811589380410928,1.0,0.9999999999999996,0.4870848708487085,0.9998178478934036,SMAP
CBLOF,166_SMAP_id_23_Sensor_tr_1113_1st_1890.csv,2024,success,0.10087895393371582,,0.7322267516295389,0.9236671605156669,0.6199778242320767,0.9154755811923446,0.811589380410928,1.0,0.9999999999999996,0.4870848708487085,0.9998178478934036,SMAP
CBLOF,166_SMAP_id_23_Sensor_tr_1113_1st_1890.csv,42,success,0.1008613109588623,,0.7321193148446823,0.917906817327466,0.5486713211842335,0.898360568510637,0.811589380410928,1.0,0.9999999999999996,0.4870848708487085,0.9998178478934036,SMAP
CBLOF,171_SWaT_id_1_Sensor_tr_3749_1st_9522.csv,13,success,0.14624452590942383,,0.15018666211348775,0.548569502273021,0.17178496592085787,0.5188670261896988,0.26758124456368254,0.41335636154289,0.3156890796375771,0.3910304911489592,0.7162983675554723,SWaT
CBLOF,171_SWaT_id_1_Sensor_tr_3749_1st_9522.csv,1337,success,0.14156198501586914,,0.15018666211348775,0.548569502273021,0.17178496592085787,0.5188670261896988,0.26758124456368254,0.41335636154289,0.3156890796375771,0.3910304911489592,0.7162983675554723,SWaT
CBLOF,171_SWaT_id_1_Sensor_tr_3749_1st_9522.csv,17,success,0.15162134170532227,,0.15018666211348775,0.548569502273021,0.17178496592085787,0.5188670261896988,0.26758124456368254,0.41335636154289,0.3156890796375771,0.3910304911489592,0.7162983675554723,SWaT
CBLOF,171_SWaT_id_1_Sensor_tr_3749_1st_9522.csv,2024,success,0.13919878005981445,,0.15018666211348775,0.548569502273021,0.17178496592085787,0.5188670261896988,0.26758124456368254,0.41335636154289,0.3156890796375771,0.3910304911489592,0.7162983675554723,SWaT
CBLOF,171_SWaT_id_1_Sensor_tr_3749_1st_9522.csv,42,success,0.1417865753173828,,0.15018666211348775,0.548569502273021,0.17178496592085787,0.5188670261896988,0.26758124456368254,0.41335636154289,0.3156890796375771,0.3910304911489592,0.7162983675554723,SWaT
CBLOF,173_GECCO_id_1_Sensor_tr_16165_1st_16265.csv,13,success,0.19989633560180664,,0.1263727435443559,0.6280951502017063,0.03869807665401673,0.6232435602727684,0.19908090664624084,0.3607643312101911,0.1396637570050619,0.08689535459891559,0.6687030264595537,GECCO
CBLOF,173_GECCO_id_1_Sensor_tr_16165_1st_16265.csv,1337,success,0.18568801879882812,,0.1263727435443559,0.6280951502017063,0.03869807665401673,0.6232435602727684,0.19908090664624084,0.3607643312101911,0.1396637570050619,0.08689535459891559,0.6687030264595537,GECCO
CBLOF,173_GECCO_id_1_Sensor_tr_16165_1st_16265.csv,17,success,0.19231009483337402,,0.1263727435443559,0.6280951502017063,0.03869807665401673,0.6232435602727684,0.19908090664624084,0.3607643312101911,0.1396637570050619,0.08689535459891559,0.6687030264595537,GECCO
CBLOF,173_GECCO_id_1_Sensor_tr_16165_1st_16265.csv,2024,success,0.18424654006958008,,0.1263727435443559,0.6280951502017063,0.03869807665401673,0.6232435602727684,0.19908090664624084,0.3607643312101911,0.1396637570050619,0.08689535459891559,0.6687030264595537,GECCO
CBLOF,173_GECCO_id_1_Sensor_tr_16165_1st_16265.csv,42,success,0.19176387786865234,,0.1263727435443559,0.6280951502017063,0.03869807665401673,0.6232435602727684,0.19908090664624084,0.3607643312101911,0.1396637570050619,0.08689535459891559,0.6687030264595537,GECCO
CBLOF,187_Exathlon_id_14_Facility_tr_6193_1st_6293.csv,13,success,0.09163808822631836,,0.9788450735342167,0.9954381346086361,0.9868699539808425,0.9979205427489132,0.9630684167270047,0.9999140524280189,0.9997716373601273,0.34085611396488413,0.9991552395426876,Exathlon
CBLOF,187_Exathlon_id_14_Facility_tr_6193_1st_6293.csv,1337,success,0.12169981002807617,,0.9788450735342167,0.9954381346086361,0.9868699539808425,0.9979205427489132,0.9630684167270047,0.9999140524280189,0.9997716373601273,0.34085611396488413,0.9991552395426876,Exathlon
CBLOF,187_Exathlon_id_14_Facility_tr_6193_1st_6293.csv,17,success,0.10301494598388672,,0.9788450735342167,0.9954381346086361,0.9868699539808425,0.9979205427489132,0.9630684167270047,0.9999140524280189,0.9997716373601273,0.34085611396488413,0.9991552395426876,Exathlon
CBLOF,187_Exathlon_id_14_Facility_tr_6193_1st_6293.csv,2024,success,0.09882616996765137,,0.9788450735342167,0.9954381346086361,0.9868699539808425,0.9979205427489132,0.9630684167270047,0.9999140524280189,0.9997716373601273,0.34085611396488413,0.9991552395426876,Exathlon
CBLOF,187_Exathlon_id_14_Facility_tr_6193_1st_6293.csv,42,success,0.10927867889404297,,0.9788450735342167,0.9954381346086361,0.9868699539808425,0.9979205427489132,0.9630684167270047,0.9999140524280189,0.9997716373601273,0.34085611396488413,0.9991552395426876,Exathlon
CNN,002_MSL_id_1_Sensor_tr_500_1st_900.csv,13,success,0.5203769207000732,,0.14560383471595695,0.7056467761313577,0.14238785676356477,0.9076881929783833,0.3749957031742344,0.9166666666666666,0.7499999999999994,0.37096774193548393,0.8987126927631262,MSL
CNN,002_MSL_id_1_Sensor_tr_500_1st_900.csv,1337,success,0.40935420989990234,,0.14535923714111135,0.6994393271926312,0.1476234241618128,0.9123105104526609,0.3749957031742344,0.9166666666666666,0.7499999999999994,0.37096774193548393,0.8987126927631262,MSL
CNN,002_MSL_id_1_Sensor_tr_500_1st_900.csv,17,success,0.4640235900878906,,0.1444935970028967,0.7023928714457349,0.14612002807780158,0.9116167037856118,0.3749957031742344,0.9166666666666666,0.7499999999999994,0.37096774193548393,0.8987126927631262,MSL
CNN,002_MSL_id_1_Sensor_tr_500_1st_900.csv,2024,success,0.48560094833374023,,0.14621920550753867,0.7112034441329596,0.1456670331550805,0.9120293339785921,0.3749957031742344,0.9166666666666666,0.7499999999999994,0.37096774193548393,0.8987126927631262,MSL
CNN,002_MSL_id_1_Sensor_tr_500_1st_900.csv,42,success,0.3641631603240967,,0.1462923728947383,0.7098518221866239,0.14491408562351105,0.9127725615331304,0.3749957031742344,0.9166666666666666,0.7499999999999994,0.37096774193548393,0.8987126927631262,MSL
CNN,027_MITDB_id_9_Medical_tr_25000_1st_52255.csv,13,success,9.98282265663147,,0.16757091265649607,0.7127944832533648,0.07127391003560656,0.7477202569974748,0.2149271288861026,1.0,0.9999999999999996,0.36109008327024983,0.9993073612302477,MITDB
CNN,027_MITDB_id_9_Medical_tr_25000_1st_52255.csv,1337,success,8.483328580856323,,0.17654977834080982,0.6916508992018582,0.0725119508704891,0.7260855904113969,0.2273258353451366,1.0,0.9999999999999996,0.3794910179640719,0.9993361184451397,MITDB
CNN,027_MITDB_id_9_Medical_tr_25000_1st_52255.csv,17,success,8.359099626541138,,0.1570798223342161,0.7073686452640163,0.0598414016884448,0.738056402485408,0.20625827937324176,1.0,0.9999999999999996,0.38793745346239766,0.9993201327828224,MITDB
CNN,027_MITDB_id_9_Medical_tr_25000_1st_52255.csv,2024,success,6.325465202331543,,0.14611617013230063,0.6671417607756598,0.05029328459076913,0.7003773534662793,0.19187870561337328,1.0,0.9999999999999996,0.37827715355805247,0.9993197280758819,MITDB
CNN,027_MITDB_id_9_Medical_tr_25000_1st_52255.csv,42,success,8.66521692276001,,0.14300832039364095,0.7080445047610425,0.057627003532627445,0.7379396763279641,0.18969055147024905,1.0,0.9999999999999996,0.3807030665669409,0.9993092633970371,MITDB
CNN,078_SMD_id_22_Facility_tr_500_1st_326.csv,13,success,1.7509984970092773,,0.6273463886635704,0.9315138250525234,0.6377005292770804,0.9358918856423564,0.77146379553314,0.9524276606179499,0.864277958740499,0.46391295150881073,0.9087470552978781,SMD
CNN,078_SMD_id_22_Facility_tr_500_1st_326.csv,1337,success,1.2134160995483398,,0.6305351927879331,0.9378765705896857,0.6394714172771085,0.9426125810866379,0.7759461521585219,0.9524276606179499,0.866879659211927,0.46503721671823817,0.9094839745142884,SMD
CNN,078_SMD_id_22_Facility_tr_500_1st_326.csv,17,success,1.2126493453979492,,0.6251667498741842,0.9363325621093428,0.6339957227086467,0.9408445849901099,0.7779818308920811,0.9524276606179499,0.8682252922422949,0.46055296054146977,0.9025147750056806,SMD
CNN,078_SMD_id_22_Facility_tr_500_1st_326.csv,2024,success,0.6842083930969238,,0.6462081510966201,0.9073471337130997,0.6550385315641407,0.9112233304085743,0.7744910167061442,0.9500978473581213,0.8895412844036691,0.47023463113202346,0.9098552398830476,SMD
CNN,078_SMD_id_22_Facility_tr_500_1st_326.csv,42,success,1.3710782527923584,,0.6206946395523063,0.9318832837727236,0.6279506494072462,0.9366065623562031,0.7679431286960534,0.9524276606179499,0.8549971114962445,0.4598767352678043,0.904222584253487,SMD
CNN,115_PSM_id_1_Facility_tr_50000_1st_129872.csv,13,success,27.655877828598022,,0.37497945339530075,0.7623072885043525,0.373172420265551,0.779694550355822,0.3920705392035051,0.8735430966969181,0.4161954308979864,0.29168308949681204,0.694288987894764,PSM
CNN,115_PSM_id_1_Facility_tr_50000_1st_129872.csv,1337,success,31.152369022369385,,0.3778026472794775,0.7667465136552838,0.37631320690906456,0.7824228696593498,0.4137324123228081,0.8736034645596739,0.41451814768460526,0.29128612256739705,0.6942863738204256,PSM
CNN,115_PSM_id_1_Facility_tr_50000_1st_129872.csv,17,success,21.96250343322754,,0.346798102021391,0.77271337889916,0.3483972598555794,0.7846636357471922,0.4130389439485599,0.8735430966969181,0.41758241758241715,0.29582187047427483,0.6942863752718018,PSM
CNN,115_PSM_id_1_Facility_tr_50000_1st_129872.csv,2024,success,42.52195882797241,,0.36624540290407387,0.762541619914654,0.3641810240470858,0.779016468799183,0.40625822982611876,0.8735430966969181,0.4239130434782604,0.297244288484129,0.694288987894764,PSM
CNN,115_PSM_id_1_Facility_tr_50000_1st_129872.csv,42,success,36.395562410354614,,0.37688375837200666,0.7936908797593222,0.3755497415532189,0.8046624458562369,0.40499059297846635,0.8736235890347847,0.4216216216216212,0.2959874231840633,0.6942912213101526,PSM
CNN,132_OPPORTUNITY_id_4_HumanActivity_tr_895_1st_995.csv,13,success,1.0157470703125,,0.232473080097919,0.928012169707809,0.24080432569179205,0.9280567325390802,0.5153412361236767,0.7538726333907056,0.4797783933518001,0.16618008486533914,0.714209128739445,OPPORTUNITY
CNN,132_OPPORTUNITY_id_4_HumanActivity_tr_895_1st_995.csv,1337,success,1.4501063823699951,,0.25124619037111806,0.9354789638274965,0.26034939721164096,0.935546964699606,0.5431565655884875,0.751931330472103,0.4725692558392174,0.24971931894216562,0.714209128739445,OPPORTUNITY
CNN,132_OPPORTUNITY_id_4_HumanActivity_tr_895_1st_995.csv,17,success,1.9648418426513672,,0.2511013210645582,0.9355532257691507,0.25977870348999615,0.9355732762825507,0.5479233970676485,0.7532244196044712,0.4765027322404367,0.23647255229303743,0.714209128739445,OPPORTUNITY
CNN,132_OPPORTUNITY_id_4_HumanActivity_tr_895_1st_995.csv,2024,success,1.7294206619262695,,0.24149108971353728,0.9318265097144384,0.2500452049609324,0.9318365442288943,0.533944475479919,0.7512864493996569,0.4763995609220632,0.19020525189886534,0.714209128739445,OPPORTUNITY
CNN,132_OPPORTUNITY_id_4_HumanActivity_tr_895_1st_995.csv,42,success,1.188784122467041,,0.24865151211017883,0.9344256776723379,0.2575109473046484,0.934457007541105,0.5405005230919615,0.7558239861949957,0.4803105934553518,0.23242393921649684,0.7146450511214923,OPPORTUNITY
CNN,139_CATSv2_id_2_Sensor_tr_5592_1st_5692.csv,13,success,7.152467966079712,,0.07550239915746022,0.6532158170076562,0.07347518399757201,0.6787103902952624,0.1437515989759322,0.9090909090909091,0.5321888412017162,0.14803419174531712,0.7097142128322625,CATSv2
CNN,139_CATSv2_id_2_Sensor_tr_5592_1st_5692.csv,1337,success,4.419220447540283,,0.0825002244526728,0.6713121067361513,0.07587125768866182,0.6966146657253037,0.13340938345016146,0.9103590044783789,0.44171483622350627,0.10336146773488698,0.7139985874738864,CATSv2
CNN,139_CATSv2_id_2_Sensor_tr_5592_1st_5692.csv,17,success,6.630547523498535,,0.07087593378972969,0.6648606124943703,0.07609527095378342,0.6899007580824887,0.13891128280754267,0.909824638638198,0.31578947368421,0.11787817091525193,0.7120598101098597,CATSv2
CNN,139_CATSv2_id_2_Sensor_tr_5592_1st_5692.csv,2024,success,6.1974217891693115,,0.07297950198721555,0.668087126841665,0.07887729912703582,0.6940327049679779,0.15213887079016486,0.9085580304806565,0.3884572697003325,0.17730206240200375,0.7467817007390694,CATSv2
CNN,139_CATSv2_id_2_Sensor_tr_5592_1st_5692.csv,42,success,7.233762741088867,,0.10094474479082195,0.6694875016084412,0.08704310049662516,0.6940140879273305,0.15380275987765468,0.9018241442918631,0.5154819014391621,0.11340750093338853,0.7287470232748084,CATSv2
CNN,166_SMAP_id_23_Sensor_tr_1113_1st_1890.csv,13,success,1.1223864555358887,,0.7587814064612793,0.9563385887712005,0.713498879689144,0.9599467562097088,0.7384568805027536,1.0,0.9999999999999996,0.6160618313968368,0.9998383946840061,SMAP
CNN,166_SMAP_id_23_Sensor_tr_1113_1st_1890.csv,1337,success,1.3988611698150635,,0.771101196195471,0.956548658868275,0.7410575325802327,0.9602919213059121,0.7407357415365592,1.0,0.9999999999999996,0.47426905193474667,0.9998164780773471,SMAP
CNN,166_SMAP_id_23_Sensor_tr_1113_1st_1890.csv,17,success,1.1222319602966309,,0.8282028166251956,0.9544534860579793,0.8299229771711857,0.9584137515948381,0.8831119042277668,1.0,0.9999999999999996,0.621694214876033,0.999834285393421,SMAP
CNN,166_SMAP_id_23_Sensor_tr_1113_1st_1890.csv,2024,success,0.9750871658325195,,0.8260716050082806,0.9574884461446609,0.8123990790999508,0.9609972630532891,0.8684160838234438,1.0,0.9999999999999996,0.5811737629459149,0.9998534617939283,SMAP
CNN,166_SMAP_id_23_Sensor_tr_1113_1st_1890.csv,42,success,0.8913731575012207,,0.8319854140949787,0.9539006700130465,0.8301411102284503,0.9578345683722003,0.8918869503560859,1.0,0.9999999999999996,0.9037433155080214,0.9998644194069234,SMAP
CNN,171_SWaT_id_1_Sensor_tr_3749_1st_9522.csv,13,success,1.663609266281128,,0.24404707911111137,0.742353372144597,0.29912321726120833,0.7790031082504314,0.4518532587458918,0.2540482187837352,0.3323170731707312,0.2428399253383499,0.7162974207091104,SWaT
CNN,171_SWaT_id_1_Sensor_tr_3749_1st_9522.csv,1337,success,1.260939359664917,,0.24867798035076927,0.7486586930961,0.30484404014390226,0.7845557572950614,0.45927766734937103,0.2576642335766423,0.34299138606108015,0.23559448440096484,0.7162974769146413,SWaT
CNN,171_SWaT_id_1_Sensor_tr_3749_1st_9522.csv,17,success,1.5438156127929688,,0.22194516144691712,0.7171650051513555,0.2720949336370462,0.7520359738630288,0.41134938936881776,0.2555193630112197,0.337423312883435,0.24497210723814677,0.7162974221502779,SWaT
CNN,171_SWaT_id_1_Sensor_tr_3749_1st_9522.csv,2024,success,1.2603960037231445,,0.2401516540560377,0.7374434260422497,0.293931953060125,0.7743689732586276,0.4148530784871661,0.2546897546897547,0.3351104341203346,0.24419254658346662,0.7162974207091104,SWaT
CNN,171_SWaT_id_1_Sensor_tr_3749_1st_9522.csv,42,success,1.3890275955200195,,0.23592612533643678,0.7399982622399843,0.2874939472175442,0.7746340669307845,0.4329855865108409,0.252865329512894,0.34015525758644977,0.25033043436607944,0.7162974221502779,SWaT
CNN,173_GECCO_id_1_Sensor_tr_16165_1st_16265.csv,13,success,7.202822208404541,,0.43755591941930383,0.9163793739115423,0.2231249068217525,0.9135204848991269,0.4636784802342209,0.573905862923204,0.2936745187133799,0.11784620685261844,0.6687022253397111,GECCO
CNN,173_GECCO_id_1_Sensor_tr_16165_1st_16265.csv,1337,success,7.477228403091431,,0.4456497844103794,0.9166687857518865,0.22915573465669584,0.9145084961282208,0.46759454290205754,0.5820835022294285,0.3147924480325468,0.13319588728206216,0.6687107214668058,GECCO
CNN,173_GECCO_id_1_Sensor_tr_16165_1st_16265.csv,17,success,6.464511394500732,,0.4400178987207468,0.9135521845770945,0.21733048090078044,0.9064403464593519,0.4628410955781236,0.5797335486475576,0.2857506685343177,0.11666440031330055,0.6686992031140372,GECCO
CNN,173_GECCO_id_1_Sensor_tr_16165_1st_16265.csv,2024,success,6.373709678649902,,0.4389941218713753,0.9173794981342662,0.22615363866306934,0.9176583478894078,0.46229502659274824,0.5774024929634097,0.2928709055876681,0.11312700644891988,0.6687022187348297,GECCO
CNN,173_GECCO_id_1_Sensor_tr_16165_1st_16265.csv,42,success,6.6871116161346436,,0.4280434120356408,0.9079691630323508,0.2208076484788471,0.9087016088382274,0.43968817966151824,0.5753205128205128,0.2617401668653155,0.11912191057662479,0.6687025455025637,GECCO
CNN,187_Exathlon_id_14_Facility_tr_6193_1st_6293.csv,13,success,7.495839834213257,,0.983862087518352,0.9972028514023124,0.9877562698140749,0.9980018860418657,0.9572390340355811,0.9997422015983501,0.9995501574448938,0.4559212462992662,0.9993379861948044,Exathlon
CNN,187_Exathlon_id_14_Facility_tr_6193_1st_6293.csv,1337,success,6.126676321029663,,0.9871532085660174,0.9980084726424302,0.9913880014450807,0.9987785777595612,0.9666587661630334,0.9997422015983501,0.9996378123868158,0.37765127509601665,0.9994345545512437,Exathlon
CNN,187_Exathlon_id_14_Facility_tr_6193_1st_6293.csv,17,success,7.659916162490845,,0.9858787873612792,0.9976919800118805,0.9897088485431745,0.9983839143947943,0.9634513160183865,0.9997422015983501,0.9996569468267577,0.43061765205476554,0.9994557149971649,Exathlon
CNN,187_Exathlon_id_14_Facility_tr_6193_1st_6293.csv,2024,success,7.839000701904297,,0.9802809949403787,0.9968090576033592,0.9840381552206351,0.9976268409556357,0.9413647684560469,0.9997422015983501,0.9993997599039611,0.35115470006073535,0.9991389915380267,Exathlon
CNN,187_Exathlon_id_14_Facility_tr_6193_1st_6293.csv,42,success,7.730332374572754,,0.9863233194759231,0.9979701640429243,0.9899396264811603,0.9986038697571707,0.9585163472362395,0.9997422015983501,0.9996385106639348,0.4221261588323996,0.9993970592570088,Exathlon
COPOD,002_MSL_id_1_Sensor_tr_500_1st_900.csv,13,success,0.009529352188110352,,0.2795052250503792,0.6786143372046456,0.12401267005895636,0.8505627432668913,0.42856806125094726,1.0,0.9999999999999996,0.5897435897435898,0.9991533864541826,MSL
COPOD,002_MSL_id_1_Sensor_tr_500_1st_900.csv,1337,success,0.009477853775024414,,0.2795052250503792,0.6786143372046456,0.12401267005895636,0.8505627432668913,0.42856806125094726,1.0,0.9999999999999996,0.5897435897435898,0.9991533864541826,MSL
COPOD,002_MSL_id_1_Sensor_tr_500_1st_900.csv,17,success,0.009491205215454102,,0.2795052250503792,0.6786143372046456,0.12401267005895636,0.8505627432668913,0.42856806125094726,1.0,0.9999999999999996,0.5897435897435898,0.9991533864541826,MSL
COPOD,002_MSL_id_1_Sensor_tr_500_1st_900.csv,2024,success,0.009520530700683594,,0.2795052250503792,0.6786143372046456,0.12401267005895636,0.8505627432668913,0.42856806125094726,1.0,0.9999999999999996,0.5897435897435898,0.9991533864541826,MSL
COPOD,002_MSL_id_1_Sensor_tr_500_1st_900.csv,42,success,0.00955820083618164,,0.2795052250503792,0.6786143372046456,0.12401267005895636,0.8505627432668913,0.42856806125094726,1.0,0.9999999999999996,0.5897435897435898,0.9991533864541826,MSL
COPOD,027_MITDB_id_9_Medical_tr_25000_1st_52255.csv,13,success,0.03647160530090332,,0.005177162767146454,0.4957544806425216,0.0057608876602655715,0.5271612132472423,0.02473484854355569,0.7389078498293515,0.02793296089385472,0.025725339249038335,0.7476445414764724,MITDB
COPOD,027_MITDB_id_9_Medical_tr_25000_1st_52255.csv,1337,success,0.036286115646362305,,0.005177162767146454,0.4957544806425216,0.0057608876602655715,0.5271612132472423,0.02473484854355569,0.7389078498293515,0.02793296089385472,0.025725339249038335,0.7476445414764724,MITDB
COPOD,027_MITDB_id_9_Medical_tr_25000_1st_52255.csv,17,success,0.03668975830078125,,0.005177162767146454,0.4957544806425216,0.0057608876602655715,0.5271612132472423,0.02473484854355569,0.7389078498293515,0.02793296089385472,0.025725339249038335,0.7476445414764724,MITDB
COPOD,027_MITDB_id_9_Medical_tr_25000_1st_52255.csv,2024,success,0.03681659698486328,,0.005177162767146454,0.4957544806425216,0.0057608876602655715,0.5271612132472423,0.02473484854355569,0.7389078498293515,0.02793296089385472,0.025725339249038335,0.7476445414764724,MITDB
COPOD,027_MITDB_id_9_Medical_tr_25000_1st_52255.csv,42,success,0.036493539810180664,,0.005177162767146454,0.4957544806425216,0.0057608876602655715,0.5271612132472423,0.02473484854355569,0.7389078498293515,0.02793296089385472,0.025725339249038335,0.7476445414764724,MITDB
COPOD,078_SMD_id_22_Facility_tr_500_1st_326.csv,13,success,0.4486565589904785,,0.09522964113826894,0.7345396919709619,0.11494884579312352,0.694500014799089,0.26543862356563014,0.6321788689171416,0.2387982253586899,0.21240549495018868,0.674735041301304,SMD
COPOD,078_SMD_id_22_Facility_tr_500_1st_326.csv,1337,success,0.24553179740905762,,0.09522964113826894,0.7345396919709619,0.11494884579312352,0.694500014799089,0.26543862356563014,0.6321788689171416,0.2387982253586899,0.21240549495018868,0.674735041301304,SMD
COPOD,078_SMD_id_22_Facility_tr_500_1st_326.csv,17,success,0.2449665069580078,,0.09522964113826894,0.7345396919709619,0.11494884579312352,0.694500014799089,0.26543862356563014,0.6321788689171416,0.2387982253586899,0.21240549495018868,0.674735041301304,SMD
COPOD,078_SMD_id_22_Facility_tr_500_1st_326.csv,2024,success,0.24440932273864746,,0.09522964113826894,0.7345396919709619,0.11494884579312352,0.694500014799089,0.26543862356563014,0.6321788689171416,0.2387982253586899,0.21240549495018868,0.674735041301304,SMD
COPOD,078_SMD_id_22_Facility_tr_500_1st_326.csv,42,success,0.24466753005981445,,0.09522964113826894,0.7345396919709619,0.11494884579312352,0.694500014799089,0.26543862356563014,0.6321788689171416,0.2387982253586899,0.21240549495018868,0.674735041301304,SMD
COPOD,115_PSM_id_1_Facility_tr_50000_1st_129872.csv,13,success,2.2114601135253906,,0.22169927101828318,0.6599143957527167,0.203777910605478,0.6460540945215812,0.2709149704255412,0.8972412047582891,0.31722487805589694,0.1940131319644868,0.7327056245604133,PSM
COPOD,115_PSM_id_1_Facility_tr_50000_1st_129872.csv,1337,success,2.2194337844848633,,0.22169927101828318,0.6599143957527167,0.203777910605478,0.6460540945215812,0.2709149704255412,0.8972412047582891,0.31722487805589694,0.1940131319644868,0.7327056245604133,PSM
COPOD,115_PSM_id_1_Facility_tr_50000_1st_129872.csv,17,success,2.2087929248809814,,0.22169927101828318,0.6599143957527167,0.203777910605478,0.6460540945215812,0.2709149704255412,0.8972412047582891,0.31722487805589694,0.1940131319644868,0.7327056245604133,PSM
COPOD,115_PSM_id_1_Facility_tr_50000_1st_129872.csv,2024,success,2.2316641807556152,,0.22169927101828318,0.6599143957527167,0.203777910605478,0.6460540945215812,0.2709149704255412,0.8972412047582891,0.31722487805589694,0.1940131319644868,0.7327056245604133,PSM
COPOD,115_PSM_id_1_Facility_tr_50000_1st_129872.csv,42,success,2.2259838581085205,,0.22169927101828318,0.6599143957527167,0.203777910605478,0.6460540945215812,0.2709149704255412,0.8972412047582891,0.31722487805589694,0.1940131319644868,0.7327056245604133,PSM
COPOD,132_OPPORTUNITY_id_4_HumanActivity_tr_895_1st_995.csv,13,success,0.6406762599945068,,0.05337001690241912,0.6084930992925842,0.05398393315378851,0.6088961831746778,0.15944324888500003,0.6903073286052009,0.1577021587998535,0.10302413118105896,0.7708355642188722,OPPORTUNITY
COPOD,132_OPPORTUNITY_id_4_HumanActivity_tr_895_1st_995.csv,1337,success,0.6419103145599365,,0.05337001690241912,0.6084930992925842,0.05398393315378851,0.6088961831746778,0.15944324888500003,0.6903073286052009,0.1577021587998535,0.10302413118105896,0.7708355642188722,OPPORTUNITY
COPOD,132_OPPORTUNITY_id_4_HumanActivity_tr_895_1st_995.csv,17,success,0.6402392387390137,,0.05337001690241912,0.6084930992925842,0.05398393315378851,0.6088961831746778,0.15944324888500003,0.6903073286052009,0.1577021587998535,0.10302413118105896,0.7708355642188722,OPPORTUNITY
COPOD,132_OPPORTUNITY_id_4_HumanActivity_tr_895_1st_995.csv,2024,success,0.6437888145446777,,0.05337001690241912,0.6084930992925842,0.05398393315378851,0.6088961831746778,0.15944324888500003,0.6903073286052009,0.1577021587998535,0.10302413118105896,0.7708355642188722,OPPORTUNITY
COPOD,132_OPPORTUNITY_id_4_HumanActivity_tr_895_1st_995.csv,42,success,0.6419253349304199,,0.05337001690241912,0.6084930992925842,0.05398393315378851,0.6088961831746778,0.15944324888500003,0.6903073286052009,0.1577021587998535,0.10302413118105896,0.7708355642188722,OPPORTUNITY
COPOD,139_CATSv2_id_2_Sensor_tr_5592_1st_5692.csv,13,success,1.0341193675994873,,0.040284342005854526,0.5802410643054752,0.04455606281286319,0.5636483800170956,0.08386571910317764,0.3085277057879798,0.09154654067230415,0.13828634258416356,0.6678854513234304,CATSv2
COPOD,139_CATSv2_id_2_Sensor_tr_5592_1st_5692.csv,1337,success,1.0322988033294678,,0.040284342005854526,0.5802410643054752,0.04455606281286319,0.5636483800170956,0.08386571910317764,0.3085277057879798,0.09154654067230415,0.13828634258416356,0.6678854513234304,CATSv2
COPOD,139_CATSv2_id_2_Sensor_tr_5592_1st_5692.csv,17,success,1.029146671295166,,0.040284342005854526,0.5802410643054752,0.04455606281286319,0.5636483800170956,0.08386571910317764,0.3085277057879798,0.09154654067230415,0.13828634258416356,0.6678854513234304,CATSv2
COPOD,139_CATSv2_id_2_Sensor_tr_5592_1st_5692.csv,2024,success,1.0298304557800293,,0.040284342005854526,0.5802410643054752,0.04455606281286319,0.5636483800170956,0.08386571910317764,0.3085277057879798,0.09154654067230415,0.13828634258416356,0.6678854513234304,CATSv2
COPOD,139_CATSv2_id_2_Sensor_tr_5592_1st_5692.csv,42,success,1.0316848754882812,,0.040284342005854526,0.5802410643054752,0.04455606281286319,0.5636483800170956,0.08386571910317764,0.3085277057879798,0.09154654067230415,0.13828634258416356,0.6678854513234304,CATSv2
COPOD,166_SMAP_id_23_Sensor_tr_1113_1st_1890.csv,13,success,0.01065373420715332,,0.7083889743295038,0.8070561439975235,0.5220175483417873,0.7924905925206426,0.811589380410928,1.0,0.9999999999999996,0.4870848708487085,0.9998178478934036,SMAP
COPOD,166_SMAP_id_23_Sensor_tr_1113_1st_1890.csv,1337,success,0.010646343231201172,,0.7083889743295038,0.8070561439975235,0.5220175483417873,0.7924905925206426,0.811589380410928,1.0,0.9999999999999996,0.4870848708487085,0.9998178478934036,SMAP
COPOD,166_SMAP_id_23_Sensor_tr_1113_1st_1890.csv,17,success,0.010651111602783203,,0.7083889743295038,0.8070561439975235,0.5220175483417873,0.7924905925206426,0.811589380410928,1.0,0.9999999999999996,0.4870848708487085,0.9998178478934036,SMAP
COPOD,166_SMAP_id_23_Sensor_tr_1113_1st_1890.csv,2024,success,0.010703325271606445,,0.7083889743295038,0.8070561439975235,0.5220175483417873,0.7924905925206426,0.811589380410928,1.0,0.9999999999999996,0.4870848708487085,0.9998178478934036,SMAP
COPOD,166_SMAP_id_23_Sensor_tr_1113_1st_1890.csv,42,success,0.010639429092407227,,0.7083889743295038,0.8070561439975235,0.5220175483417873,0.7924905925206426,0.811589380410928,1.0,0.9999999999999996,0.4870848708487085,0.9998178478934036,SMAP
COPOD,171_SWaT_id_1_Sensor_tr_3749_1st_9522.csv,13,success,0.23099899291992188,,0.13559049056299163,0.5544387189960779,0.16253944639678788,0.4995618556624332,0.28064569747738,0.4012985391434636,0.2833641702196119,0.3152607705386947,0.8640875356001946,SWaT
COPOD,171_SWaT_id_1_Sensor_tr_3749_1st_9522.csv,1337,success,0.22664380073547363,,0.13559049056299163,0.5544387189960779,0.16253944639678788,0.4995618556624332,0.28064569747738,0.4012985391434636,0.2833641702196119,0.3152607705386947,0.8640875356001946,SWaT
COPOD,171_SWaT_id_1_Sensor_tr_3749_1st_9522.csv,17,success,0.22578930854797363,,0.13559049056299163,0.5544387189960779,0.16253944639678788,0.4995618556624332,0.28064569747738,0.4012985391434636,0.2833641702196119,0.3152607705386947,0.8640875356001946,SWaT
COPOD,171_SWaT_id_1_Sensor_tr_3749_1st_9522.csv,2024,success,0.22544145584106445,,0.13559049056299163,0.5544387189960779,0.16253944639678788,0.4995618556624332,0.28064569747738,0.4012985391434636,0.2833641702196119,0.3152607705386947,0.8640875356001946,SWaT
COPOD,171_SWaT_id_1_Sensor_tr_3749_1st_9522.csv,42,success,0.22764253616333008,,0.13559049056299163,0.5544387189960779,0.16253944639678788,0.4995618556624332,0.28064569747738,0.4012985391434636,0.2833641702196119,0.3152607705386947,0.8640875356001946,SWaT
COPOD,173_GECCO_id_1_Sensor_tr_16165_1st_16265.csv,13,success,0.40966129302978516,,0.07834991852382145,0.6782631727652627,0.03679937332403455,0.6587375562745912,0.1602625562790933,0.3663021868787276,0.11817829957424798,0.06634548719695181,0.6759326614883839,GECCO
COPOD,173_GECCO_id_1_Sensor_tr_16165_1st_16265.csv,1337,success,0.4041903018951416,,0.07834991852382145,0.6782631727652627,0.03679937332403455,0.6587375562745912,0.1602625562790933,0.3663021868787276,0.11817829957424798,0.06634548719695181,0.6759326614883839,GECCO
COPOD,173_GECCO_id_1_Sensor_tr_16165_1st_16265.csv,17,success,0.4068136215209961,,0.07834991852382145,0.6782631727652627,0.03679937332403455,0.6587375562745912,0.1602625562790933,0.3663021868787276,0.11817829957424798,0.06634548719695181,0.6759326614883839,GECCO
COPOD,173_GECCO_id_1_Sensor_tr_16165_1st_16265.csv,2024,success,0.40306782722473145,,0.07834991852382145,0.6782631727652627,0.03679937332403455,0.6587375562745912,0.1602625562790933,0.3663021868787276,0.11817829957424798,0.06634548719695181,0.6759326614883839,GECCO
COPOD,173_GECCO_id_1_Sensor_tr_16165_1st_16265.csv,42,success,0.40215635299682617,,0.07834991852382145,0.6782631727652627,0.03679937332403455,0.6587375562745912,0.1602625562790933,0.3663021868787276,0.11817829957424798,0.06634548719695181,0.6759326614883839,GECCO
COPOD,187_Exathlon_id_14_Facility_tr_6193_1st_6293.csv,13,success,0.1348268985748291,,0.9017620735422017,0.9828032206464506,0.9120546522795892,0.987593303239609,0.869345465849577,0.9995704098290231,0.9937106918238988,0.342732151240604,0.9927987578682366,Exathlon
COPOD,187_Exathlon_id_14_Facility_tr_6193_1st_6293.csv,1337,success,0.1343550682067871,,0.9017620735422017,0.9828032206464506,0.9120546522795892,0.987593303239609,0.869345465849577,0.9995704098290231,0.9937106918238988,0.342732151240604,0.9927987578682366,Exathlon
COPOD,187_Exathlon_id_14_Facility_tr_6193_1st_6293.csv,17,success,0.13484930992126465,,0.9017620735422017,0.9828032206464506,0.9120546522795892,0.987593303239609,0.869345465849577,0.9995704098290231,0.9937106918238988,0.342732151240604,0.9927987578682366,Exathlon
COPOD,187_Exathlon_id_14_Facility_tr_6193_1st_6293.csv,2024,success,0.13521480560302734,,0.9017620735422017,0.9828032206464506,0.9120546522795892,0.987593303239609,0.869345465849577,0.9995704098290231,0.9937106918238988,0.342732151240604,0.9927987578682366,Exathlon
COPOD,187_Exathlon_id_14_Facility_tr_6193_1st_6293.csv,42,success,0.13515615463256836,,0.9017620735422017,0.9828032206464506,0.9120546522795892,0.987593303239609,0.869345465849577,0.9995704098290231,0.9937106918238988,0.342732151240604,0.9927987578682366,Exathlon
EIF,002_MSL_id_1_Sensor_tr_500_1st_900.csv,13,success,1.6825625896453857,,0.28471819513092744,0.6882258710452543,0.19755277930289888,0.9061649583372373,0.42856806125094726,1.0,0.9999999999999996,0.5897435897435898,0.9991533864541826,MSL
EIF,002_MSL_id_1_Sensor_tr_500_1st_900.csv,1337,success,1.6609437465667725,,0.28471819513092744,0.6882258710452545,0.1638290939667228,0.9057501821072323,0.42856806125094726,1.0,0.9999999999999996,0.5897435897435898,0.9991533864541826,MSL
EIF,002_MSL_id_1_Sensor_tr_500_1st_900.csv,17,success,1.6719462871551514,,0.28471819513092744,0.6882258710452543,0.19722950662350203,0.906156427974459,0.42856806125094726,1.0,0.9999999999999996,0.5897435897435898,0.9991533864541826,MSL
EIF,002_MSL_id_1_Sensor_tr_500_1st_900.csv,2024,success,1.6522328853607178,,0.2849404841923297,0.6949839807769325,0.19617397610276932,0.9069130684695935,0.42856806125094726,1.0,0.9999999999999996,0.5897435897435898,0.9991533864541826,MSL
EIF,002_MSL_id_1_Sensor_tr_500_1st_900.csv,42,success,1.6783154010772705,,0.28471819513092744,0.6882258710452543,0.19572139580341003,0.906098107427405,0.42856806125094726,1.0,0.9999999999999996,0.5897435897435898,0.9991533864541826,MSL
EIF,027_MITDB_id_9_Medical_tr_25000_1st_52255.csv,13,success,76.60904884338379,,0.00477071112197067,0.48923797317210305,0.005274364183629865,0.5206560831424603,0.01918395369333937,0.7908675799086758,0.021101389603705587,0.021687171498041728,0.7340107052496527,MITDB
EIF,027_MITDB_id_9_Medical_tr_25000_1st_52255.csv,1337,success,77.7025420665741,,0.00472932499285147,0.4920801179963747,0.005215189630875456,0.5223381960192307,0.01685693085610308,0.665641813989239,0.018592297476759608,0.0187538974930618,0.738996271431561,MITDB
EIF,027_MITDB_id_9_Medical_tr_25000_1st_52255.csv,17,success,77.03581953048706,,0.004743877650630968,0.4916162155342796,0.0053129998384917314,0.5248541314151522,0.018378461121719685,0.5915300546448088,0.02056555269922877,0.021395446951074912,0.7722808211463913,MITDB
EIF,027_MITDB_id_9_Medical_tr_25000_1st_52255.csv,2024,success,76.44617676734924,,0.004733249759610706,0.4917540873460142,0.005260110827118249,0.5236363473996036,0.01748673081689406,0.5895166780122533,0.02002145155523773,0.020694400854599223,0.7530305833119104,MITDB
EIF,027_MITDB_id_9_Medical_tr_25000_1st_52255.csv,42,success,76.86020064353943,,0.004802035001621722,0.491196267830468,0.005357021596395061,0.5240922773923753,0.017969365978215874,0.7497835497835498,0.02034144569560477,0.02109456189771575,0.7100097913063774,MITDB
EIF,078_SMD_id_22_Facility_tr_500_1st_326.csv,13,success,18.711430549621582,,0.46683831440281187,0.8776448879186239,0.3597560233664663,0.8473969530052295,0.680810002446309,0.8465499485066942,0.5071201721135125,0.1305707058638359,0.9063995204928005,SMD
EIF,078_SMD_id_22_Facility_tr_500_1st_326.csv,1337,success,18.801713228225708,,0.42681252426499183,0.87120723842175,0.43015402967073335,0.8566079632341278,0.6826348364006414,0.8400613183444047,0.6411501845735375,0.3335863105862889,0.9068410860468532,SMD
EIF,078_SMD_id_22_Facility_tr_500_1st_326.csv,17,success,18.63051152229309,,0.43172980786213977,0.8757153517942914,0.4199903303303209,0.8612655384017843,0.6475687274968314,0.8607329842931937,0.6473126716359351,0.28690181460276376,0.9017292139435032,SMD
EIF,078_SMD_id_22_Facility_tr_500_1st_326.csv,2024,success,18.677002668380737,,0.5161786229009672,0.8696747860703266,0.4558981251978743,0.8540156975404118,0.6612129218245049,0.8706225680933852,0.6479783983514525,0.2345332565385313,0.89713929902237,SMD
EIF,078_SMD_id_22_Facility_tr_500_1st_326.csv,42,success,18.78446125984192,,0.7440963175302311,0.8915626003516943,0.5391484151600606,0.8709127590533623,0.7667097670076514,0.8768,0.6851268197508624,0.18450781816697376,0.9010886796811073,SMD
EIF,115_PSM_id_1_Facility_tr_50000_1st_129872.csv,13,success,168.36711764335632,,0.18718372482739012,0.6605319891298701,0.1926532847605261,0.6414594774635948,0.27463073108709046,0.8655121436114044,0.34674877208415766,0.22527964321674387,0.7803321453609192,PSM
EIF,115_PSM_id_1_Facility_tr_50000_1st_129872.csv,1337,success,167.25328660011292,,0.19385457956736243,0.6765817267467056,0.19510432717637613,0.6562168531804284,0.2843631001821223,0.8773502404897245,0.3462021803892546,0.23905803681068702,0.7623587259388617,PSM
EIF,115_PSM_id_1_Facility_tr_50000_1st_129872.csv,17,success,168.46521854400635,,0.19125565809424866,0.6755893749282641,0.19566396447005016,0.6566552552911246,0.29114677794034244,0.874903694091886,0.3612332427906824,0.26856049186451564,0.7601753983482568,PSM
EIF,115_PSM_id_1_Facility_tr_50000_1st_129872.csv,2024,success,167.53184247016907,,0.1876059548792289,0.6629643915866705,0.19339125272011506,0.6491865251292236,0.29444845082683574,0.8580843389588992,0.36030271055288887,0.2507606716793766,0.79560753174716,PSM
EIF,115_PSM_id_1_Facility_tr_50000_1st_129872.csv,42,success,168.21231365203857,,0.16702409044291552,0.6426384754953232,0.1759141566883261,0.6264168888592915,0.27635180568085027,0.8392448886276047,0.3296710968383755,0.24987965827763242,0.7792396858773175,PSM
EIF,132_OPPORTUNITY_id_4_HumanActivity_tr_895_1st_995.csv,13,success,8.985252141952515,,0.04271269127250659,0.4940826851473547,0.04297064782679994,0.49521596155325726,0.10569998892587358,0.8733798604187437,0.10428709055876674,0.1106060606060606,0.8457273398829694,OPPORTUNITY
EIF,132_OPPORTUNITY_id_4_HumanActivity_tr_895_1st_995.csv,1337,success,8.913331508636475,,0.03681610834998108,0.408217379350041,0.03711339052367245,0.40976369151667924,0.09825651168429578,0.7670753064798599,0.09826849561502124,0.16928169354343398,0.7941019167563689,OPPORTUNITY
EIF,132_OPPORTUNITY_id_4_HumanActivity_tr_895_1st_995.csv,17,success,8.914649248123169,,0.04398717331632923,0.4963483167721495,0.04430819730386173,0.4973936377629394,0.10905811315829965,0.8029330889092575,0.108584917381041,0.10262798753599524,0.7192912675152541,OPPORTUNITY
EIF,132_OPPORTUNITY_id_4_HumanActivity_tr_895_1st_995.csv,2024,success,9.10920786857605,,0.04660812023951247,0.5368919964128142,0.04690667709615805,0.5381169346751696,0.1118798732826228,0.6488888888888888,0.11180920630850097,0.11192281537496707,0.7902493809164934,OPPORTUNITY
EIF,132_OPPORTUNITY_id_4_HumanActivity_tr_895_1st_995.csv,42,success,8.918598175048828,,0.05146402372255915,0.5814360563568479,0.05180102236914769,0.5820715025707057,0.13419988139866007,0.9012345679012346,0.13233496332518324,0.10190786412284784,0.7967928742192241,OPPORTUNITY
EIF,139_CATSv2_id_2_Sensor_tr_5592_1st_5692.csv,13,success,149.69063544273376,,0.04449725757439354,0.6271841793733514,0.04976989439563068,0.6078976882463623,0.09564443687351908,0.24772096710265556,0.10207418882864262,0.1386991218708643,0.668085151498299,CATSv2
EIF,139_CATSv2_id_2_Sensor_tr_5592_1st_5692.csv,1337,success,149.8377525806427,,0.04437336547019038,0.619673750241266,0.0495944476527822,0.6000151118986236,0.10119754554821338,0.2626123013130615,0.10618173272897345,0.13013798806046062,0.6680335979487739,CATSv2
EIF,139_CATSv2_id_2_Sensor_tr_5592_1st_5692.csv,17,success,150.1845738887787,,0.043624486458393084,0.6213079838995046,0.04918481566508561,0.6014501110185139,0.09607584105282374,0.2523491715642328,0.09796448119523585,0.13989967025307834,0.6683601911402522,CATSv2
EIF,139_CATSv2_id_2_Sensor_tr_5592_1st_5692.csv,2024,success,150.28134179115295,,0.0437768169089089,0.6273572062182332,0.04897486187441363,0.6176813645214048,0.10056849778428131,0.24107894198185084,0.10216383620427899,0.12666704448281282,0.6678898097119343,CATSv2
EIF,139_CATSv2_id_2_Sensor_tr_5592_1st_5692.csv,42,success,150.19013929367065,,0.0426656253680671,0.61400373238757,0.04740875691390493,0.5884960810699923,0.09928885698678674,0.24822518989227027,0.10141002027581286,0.1396471475460256,0.6678864429054785,CATSv2
EIF,166_SMAP_id_23_Sensor_tr_1113_1st_1890.csv,13,success,3.6805436611175537,,0.7380697932147291,0.8310428321871615,0.6438840811227212,0.8413263132036194,0.8285665755386289,1.0,0.9999999999999996,0.4870848708487085,0.9998493526271527,SMAP
EIF,166_SMAP_id_23_Sensor_tr_1113_1st_1890.csv,1337,success,3.6807363033294678,,0.7409392336738394,0.8310649448289588,0.5038734252853161,0.8385016543711731,0.8450655425792611,1.0,0.9999999999999996,0.5664335664335665,0.9998520920754215,SMAP
EIF,166_SMAP_id_23_Sensor_tr_1113_1st_1890.csv,17,success,3.6387765407562256,,0.7351134000144334,0.8310207195453642,0.6438840811227212,0.8413263132036194,0.811589380410928,1.0,0.9999999999999996,0.4870848708487085,0.9998493526271527,SMAP
EIF,166_SMAP_id_23_Sensor_tr_1113_1st_1890.csv,2024,success,3.6571338176727295,,0.7409392336738395,0.8310649448289588,0.6438840811227212,0.8413263132036194,0.8450655425792611,1.0,0.9999999999999996,0.5664335664335665,0.9998520920754215,SMAP
EIF,166_SMAP_id_23_Sensor_tr_1113_1st_1890.csv,42,success,3.665053129196167,,0.738069793214729,0.8310428321871615,0.6438840811227212,0.8413263132036194,0.8285665755386289,1.0,0.9999999999999996,0.5090909090909091,0.999850722353163,SMAP
EIF,171_SWaT_id_1_Sensor_tr_3749_1st_9522.csv,13,success,12.08385968208313,,0.2490121225932157,0.5719016396868781,0.2475930308620928,0.5534129803800178,0.3588278079559279,0.5287734297928313,0.5214866434378623,0.35184084055461873,0.7163367499708058,SWaT
EIF,171_SWaT_id_1_Sensor_tr_3749_1st_9522.csv,1337,success,12.187345266342163,,0.26711704801140346,0.5585699628374796,0.24079212632105726,0.5317343314558479,0.3801810224324527,0.5239491691104594,0.5480984340044738,0.4806982878637456,0.7162964634791716,SWaT
EIF,171_SWaT_id_1_Sensor_tr_3749_1st_9522.csv,17,success,12.085487842559814,,0.22717270589350771,0.5807716273716167,0.23712668003238854,0.5642054081613715,0.335359272719763,0.5053763440860215,0.49483352468427044,0.5452122128770519,0.7162540306717577,SWaT
EIF,171_SWaT_id_1_Sensor_tr_3749_1st_9522.csv,2024,success,12.145523071289062,,0.20212728465100221,0.5519259334944921,0.21570791489293753,0.5316537449252854,0.30534718340986555,0.47540776330762424,0.42395882077678937,0.3489721523473028,0.7162881917057186,SWaT
EIF,171_SWaT_id_1_Sensor_tr_3749_1st_9522.csv,42,success,12.165001392364502,,0.20248668932805783,0.5693192857303198,0.21919896083536602,0.565833969889754,0.3189607657484859,0.49814520402755696,0.4482907832107308,0.692464258442128,0.7162944014560566,SWaT
EIF,173_GECCO_id_1_Sensor_tr_16165_1st_16265.csv,13,success,106.49089908599854,,0.06952441457412868,0.6866362862411749,0.039660190362194855,0.6732851315524174,0.1573828845904141,0.3534697953070394,0.12307692307692258,0.0775258139259265,0.6697536791473807,GECCO
EIF,173_GECCO_id_1_Sensor_tr_16165_1st_16265.csv,1337,success,106.30723118782043,,0.12166876737934228,0.7031070314085277,0.04031359333249367,0.678906464449497,0.18375270897855925,0.3624264141284873,0.12459016393442576,0.0843477621668815,0.6765510721093292,GECCO
EIF,173_GECCO_id_1_Sensor_tr_16165_1st_16265.csv,17,success,106.7487952709198,,0.1273998397513876,0.6890387041668232,0.03996159590832781,0.6604411728991129,0.18181331504054016,0.3509293680297398,0.13232612659546708,0.0813602509323596,0.6727991686818352,GECCO
EIF,173_GECCO_id_1_Sensor_tr_16165_1st_16265.csv,2024,success,106.58293294906616,,0.07285077185433186,0.6945063633333823,0.04005298124588021,0.6648386574682965,0.17957658985752695,0.3365019011406844,0.12946428571428523,0.0744497797430951,0.6700919894594716,GECCO
EIF,173_GECCO_id_1_Sensor_tr_16165_1st_16265.csv,42,success,106.34064960479736,,0.11837997843319825,0.6969181244342371,0.04040255552166988,0.669313297743322,0.15573323742934914,0.31841691027659097,0.126491370323178,0.06901345275225101,0.6731946384494575,GECCO
EIF,187_Exathlon_id_14_Facility_tr_6193_1st_6293.csv,13,success,35.77015519142151,,0.7619173967833397,0.9504784294342107,0.7716235283728061,0.9533786812697642,0.6361764465874848,0.9992270033496522,0.9975669099756685,0.3472046816378401,0.9971144064971941,Exathlon
EIF,187_Exathlon_id_14_Facility_tr_6193_1st_6293.csv,1337,success,35.99345636367798,,0.8327894021717765,0.9715279810131443,0.8419284121446634,0.9739024048760544,0.7276686662228452,0.9992270033496522,0.9976298211592324,0.3778247902846807,0.9971575814109983,Exathlon
EIF,187_Exathlon_id_14_Facility_tr_6193_1st_6293.csv,17,success,35.89808750152588,,0.8128229401870262,0.9665390325063966,0.8204851940768141,0.9689761870295853,0.6927839729308448,0.9994845360824742,0.9976630550244311,0.34084208902655927,0.9970882710840577,Exathlon
EIF,187_Exathlon_id_14_Facility_tr_6193_1st_6293.csv,2024,success,36.328397035598755,,0.8260723045569194,0.9709573695515372,0.8345500335008469,0.973158030068415,0.7339986455431592,0.9992270033496522,0.9975560986447449,0.34171047313030367,0.9968180288317873,Exathlon
EIF,187_Exathlon_id_14_Facility_tr_6193_1st_6293.csv,42,success,36.1135048866272,,0.7865397021536957,0.9603651228122181,0.7946040281669824,0.9626575181037791,0.6957421789982366,0.9995704098290231,0.9977258631383082,0.4046844168621967,0.9972497440393122,Exathlon
FITS,002_MSL_id_1_Sensor_tr_500_1st_900.csv,13,success,3.1206040382385254,,0.007321831204196832,0.5375951141369644,0.10500461112706803,0.8819881216224824,0.02127602777093417,0.08208955223880597,0.016393442622950803,0.011450381679389311,0.8837500975482799,MSL
FITS,002_MSL_id_1_Sensor_tr_500_1st_900.csv,1337,success,3.1668872833251953,,0.008052205103690336,0.5819983980776933,0.08356479078206511,0.8929405407880426,0.02030402575596123,0.06111111111111111,0.01744186046511626,0.024291497975708502,0.8837500975482799,MSL
FITS,002_MSL_id_1_Sensor_tr_500_1st_900.csv,17,success,3.1847903728485107,,0.008014185865637171,0.572637164597517,0.13844520074362032,0.9194216084521674,0.021504263556254143,0.12290502793296089,0.0216216216216216,0.021352313167259787,0.8837500975482799,MSL
FITS,002_MSL_id_1_Sensor_tr_500_1st_900.csv,2024,success,3.1935842037200928,,0.01196034638225483,0.645774929915899,0.13726746090383304,0.9176461816677297,0.04166558650803726,0.12429378531073447,0.043010752688172005,0.0398671096345515,0.8837500975482799,MSL
FITS,002_MSL_id_1_Sensor_tr_500_1st_900.csv,42,success,3.164215087890625,,0.042400488207991714,0.6345614737685222,0.19434375108654128,0.9249974954537804,0.22221739379490024,0.6285714285714286,0.31578947368421023,0.1389728096676737,0.8837500975482799,MSL
FITS,027_MITDB_id_9_Medical_tr_25000_1st_52255.csv,13,success,12.950454473495483,,0.007843494712240483,0.7191625651310358,0.009915709731245618,0.7659333196947535,0.019935367172321288,0.45221932114882507,0.0182478353970766,0.0192373548410107,0.7887649999683044,MITDB
FITS,027_MITDB_id_9_Medical_tr_25000_1st_52255.csv,1337,success,12.980532169342041,,0.007751627296812312,0.7146137231487166,0.00981781856908324,0.762111038053641,0.01933188977304933,0.47426067907995617,0.01757436210704382,0.016006074739087574,0.7887649999683044,MITDB
FITS,027_MITDB_id_9_Medical_tr_25000_1st_52255.csv,17,success,13.293457746505737,,0.007767780368805494,0.7153513280634478,0.009832862731558147,0.7627187584175705,0.019468667211978288,0.4536406495547407,0.018194673580014125,0.0165298140835112,0.7887649999683044,MITDB
FITS,027_MITDB_id_9_Medical_tr_25000_1st_52255.csv,2024,success,13.131962776184082,,0.007869923033922845,0.7173994574335975,0.00996729776075213,0.7645501152550584,0.020457586160418744,0.4795127353266888,0.02018331635959631,0.01884968611478178,0.7887649999683044,MITDB
FITS,027_MITDB_id_9_Medical_tr_25000_1st_52255.csv,42,success,12.488540172576904,,0.0076001016985684944,0.7102937358485105,0.00965996645126622,0.7581980688670753,0.018790122117548935,0.44987012987012986,0.017366682397357225,0.014075184517707394,0.7887649999683044,MITDB
FITS,078_SMD_id_22_Facility_tr_500_1st_326.csv,13,success,3.752448558807373,,0.35943190621965104,0.9361847364456096,0.36636760639341315,0.9307301188283811,0.5249315767208741,0.8275543226999538,0.44542910447761147,0.12262267417849795,0.8769662472313088,SMD
FITS,078_SMD_id_22_Facility_tr_500_1st_326.csv,1337,success,3.4642157554626465,,0.4195868683428588,0.9486997710115096,0.43157236275399613,0.9452585999613771,0.5979174666110079,0.8524743230625583,0.47999999999999954,0.15769476724433518,0.8781136112829058,SMD
FITS,078_SMD_id_22_Facility_tr_500_1st_326.csv,17,success,3.3813276290893555,,0.4106867052178118,0.9441068424008036,0.42964201739127406,0.9439121723467612,0.5753075365701465,0.872848948374761,0.594081770950982,0.23220820413683038,0.8792755437096562,SMD
FITS,078_SMD_id_22_Facility_tr_500_1st_326.csv,2024,success,3.5481276512145996,,0.3937114115185454,0.9429228452943907,0.39326932194727016,0.9343189515885048,0.5771208835514379,0.8516968851696886,0.503159103963239,0.1758012926359505,0.8879536168742448,SMD
FITS,078_SMD_id_22_Facility_tr_500_1st_326.csv,42,success,3.4201676845550537,,0.3704720340259284,0.9394822820503541,0.39283005236615554,0.9410577280358103,0.5579131586628536,0.8582020389249305,0.5800841514726502,0.20722386117167665,0.8787009666691903,SMD
FITS,115_PSM_id_1_Facility_tr_50000_1st_129872.csv,13,success,48.93462347984314,,0.12226184189495104,0.5055534596330462,0.14021457504702398,0.5481655433438902,0.20155461971151853,0.8759354617233093,0.20148510555654248,0.040483394912077135,0.6942863149033153,PSM
FITS,115_PSM_id_1_Facility_tr_50000_1st_129872.csv,1337,success,55.94071412086487,,0.12243489627613155,0.5055326407042388,0.14049444383642976,0.5483831884586634,0.20152516938482518,0.8759555087655055,0.20149253731343264,0.04034945263296298,0.6942863481824293,PSM
FITS,115_PSM_id_1_Facility_tr_50000_1st_129872.csv,17,success,58.75739288330078,,0.12279216014342169,0.506344124609728,0.14089635023149552,0.5491264852431357,0.2015576203996869,0.8759755567253336,0.20148510555654248,0.040393502787757954,0.6942863149033153,PSM
FITS,115_PSM_id_1_Facility_tr_50000_1st_129872.csv,2024,success,59.42897367477417,,0.12236580371469075,0.5053979909724255,0.14035329409634742,0.5481891082944113,0.20154645869052865,0.8758953703915601,0.20148510555654248,0.04025373551337861,0.6942863149033153,PSM
FITS,115_PSM_id_1_Facility_tr_50000_1st_129872.csv,42,success,42.282331228256226,,0.12217468734522768,0.5050672765443424,0.14016652613756408,0.5480138525916955,0.2015541614782581,0.8758753261018811,0.20148510555654248,0.040328195225564106,0.6942863149033153,PSM
FITS,132_OPPORTUNITY_id_4_HumanActivity_tr_895_1st_995.csv,13,success,24.073572635650635,,0.02758161027410381,0.21438625974206182,0.027814183482770715,0.21565391894246902,0.08977163694234852,0.24662162162162163,0.08975409836065563,0.11256732026902708,0.7204655656934387,OPPORTUNITY
FITS,132_OPPORTUNITY_id_4_HumanActivity_tr_895_1st_995.csv,1337,success,23.65771508216858,,0.02745376556011773,0.21235240760298382,0.02769157215260502,0.2135074535845341,0.0897900403202176,0.4451219512195122,0.08975409836065563,0.10795222088996854,0.7204655656934387,OPPORTUNITY
FITS,132_OPPORTUNITY_id_4_HumanActivity_tr_895_1st_995.csv,17,success,23.79027247428894,,0.027941320842275963,0.2299838371068164,0.028178823648703007,0.23139515905400065,0.08989139392590736,0.41068917018284107,0.08975409836065563,0.09824932955134608,0.7371937401254235,OPPORTUNITY
FITS,132_OPPORTUNITY_id_4_HumanActivity_tr_895_1st_995.csv,2024,success,22.923854112625122,,0.027652759441680608,0.21901414060432262,0.027893398262758606,0.22053258050584484,0.08977163694234852,0.2893954410307235,0.08975409836065563,0.10523833056837018,0.7204655656934387,OPPORTUNITY
FITS,132_OPPORTUNITY_id_4_HumanActivity_tr_895_1st_995.csv,42,success,23.811388731002808,,0.027967466698842324,0.23113939403283457,0.028193638792181196,0.23280477986966322,0.0898084512450976,0.5509433962264151,0.08975409836065563,0.10318021201413428,0.7204655656934387,OPPORTUNITY
FITS,139_CATSv2_id_2_Sensor_tr_5592_1st_5692.csv,13,success,20.130868196487427,,0.03753701192791149,0.536356500112591,0.04069747539439415,0.5641753960758384,0.07101794847453681,0.9049773755656109,0.18181818181818163,0.11379905131522208,0.7081007977810629,CATSv2
FITS,139_CATSv2_id_2_Sensor_tr_5592_1st_5692.csv,1337,success,20.121942281723022,,0.039706632087513745,0.5538332255677797,0.0430208413758018,0.5818553457010938,0.07742429823033699,0.8959113862192539,0.18181818181818163,0.11185650730880588,0.7037355106011358,CATSv2
FITS,139_CATSv2_id_2_Sensor_tr_5592_1st_5692.csv,17,success,19.98992896080017,,0.04036373403960941,0.5498663570417551,0.04369667981483735,0.5778065877062254,0.0793344124342186,0.918702150929639,0.18181818181818163,0.11225512528473804,0.7024785901589647,CATSv2
FITS,139_CATSv2_id_2_Sensor_tr_5592_1st_5692.csv,2024,success,20.091877222061157,,0.03830702977595488,0.5452139375442322,0.04154762227906627,0.5730173860093896,0.07415045327016369,0.920648838228847,0.1666666666666664,0.10809482864512959,0.6995428344319042,CATSv2
FITS,139_CATSv2_id_2_Sensor_tr_5592_1st_5692.csv,42,success,19.902645587921143,,0.04351450709144347,0.5649129358875378,0.047201144900094354,0.5929129386586437,0.08709176410212936,0.9148705225616375,0.203488372093023,0.13013259722975304,0.7142391186205796,CATSv2
FITS,166_SMAP_id_23_Sensor_tr_1113_1st_1890.csv,13,success,0.49067211151123047,,0.21249879778875974,0.9844713972978352,0.24885087111365872,0.9857419298475777,0.4814777008374899,0.7522935779816514,0.3478260869565214,0.3124381843698813,0.9922369070629901,SMAP
FITS,166_SMAP_id_23_Sensor_tr_1113_1st_1890.csv,1337,success,0.48522424697875977,,0.23513630766020036,0.9863454436901576,0.24970757476578317,0.9865618729217646,0.4795285182042475,0.8913043478260869,0.432432432432432,0.35639966969446746,0.9928247909195769,SMAP
FITS,166_SMAP_id_23_Sensor_tr_1113_1st_1890.csv,17,success,0.4878685474395752,,0.30199074666522097,0.9891979744820114,0.3308820748184326,0.9899113339672448,0.4767405550574005,0.8817204301075269,0.5490196078431367,0.3382014014901774,0.9940449302119687,SMAP
FITS,166_SMAP_id_23_Sensor_tr_1113_1st_1890.csv,2024,success,0.4887881278991699,,0.2376780412102138,0.9863122747274617,0.2609649436674252,0.986964209362564,0.4767405550574005,0.9111111111111111,0.4295302013422816,0.3713489170062192,0.9928261787733859,SMAP
FITS,166_SMAP_id_23_Sensor_tr_1113_1st_1890.csv,42,success,0.4869992733001709,,0.3520021346623626,0.9918901886208344,0.3740388503991312,0.992365395657678,0.5492916673586231,0.9647058823529412,0.5769230769230764,0.3599705304518664,0.9941153313538219,SMAP
FITS,171_SWaT_id_1_Sensor_tr_3749_1st_9522.csv,13,success,28.927646160125732,,0.18105640213560167,0.5907983478507894,0.2156495468169379,0.6454984790750451,0.2589930343764395,0.6798000588062335,0.2678983833718241,0.13125271382625128,0.7162974697088041,SWaT
FITS,171_SWaT_id_1_Sensor_tr_3749_1st_9522.csv,1337,success,28.826635360717773,,0.1905702933977135,0.5916576295405269,0.22915112165086116,0.6491617003205987,0.27025670964526277,0.7036520769445219,0.3884673748103183,0.16520503068537937,0.7162983963787793,SWaT
FITS,171_SWaT_id_1_Sensor_tr_3749_1st_9522.csv,17,success,29.284037590026855,,0.18323077609954716,0.5955402072772281,0.21806657993968878,0.650638923932646,0.2662787389133568,0.2695685376097747,0.25524475524475476,0.10693270987575772,0.716301087028808,SWaT
FITS,171_SWaT_id_1_Sensor_tr_3749_1st_9522.csv,2024,success,29.345475673675537,,0.18613398138205522,0.593112761660602,0.22310175934174883,0.6476647632317644,0.26648353288465565,0.274387874076953,0.27816091954022937,0.11888672771636169,0.716301087028808,SWaT
FITS,171_SWaT_id_1_Sensor_tr_3749_1st_9522.csv,42,success,29.293578386306763,,0.18900212510664371,0.6016501173084767,0.2244952456326359,0.6562518557200095,0.2681631085132452,0.6670513560300058,0.3576537911301855,0.1427705951343904,0.7162974697088041,SWaT
FITS,173_GECCO_id_1_Sensor_tr_16165_1st_16265.csv,13,success,27.826979398727417,,0.1150982682374345,0.7530016263308466,0.12919360017265474,0.8644453906802172,0.2683480512477893,0.5718901453957996,0.15984015984015953,0.04775225688294761,0.6687026340271967,GECCO
FITS,173_GECCO_id_1_Sensor_tr_16165_1st_16265.csv,1337,success,29.410751342773438,,0.1159229645192459,0.7465918671937527,0.12876375531236112,0.8577366478735753,0.27205597999924697,0.5718901453957996,0.1593011305241518,0.04040261339930327,0.6687026340271967,GECCO
FITS,173_GECCO_id_1_Sensor_tr_16165_1st_16265.csv,17,success,30.022200345993042,,0.11441843179256503,0.7424697290229304,0.12726747882105693,0.8578079361161628,0.2677434787956149,0.5718901453957996,0.1593011305241518,0.04778843597918667,0.6687026340271967,GECCO
FITS,173_GECCO_id_1_Sensor_tr_16165_1st_16265.csv,2024,success,25.813304662704468,,0.11279123486785983,0.7430223761422572,0.1259380194121872,0.8543480887654493,0.265043133290521,0.5721212121212121,0.15971148892323517,0.047773660626322885,0.6687026340271967,GECCO
FITS,173_GECCO_id_1_Sensor_tr_16165_1st_16265.csv,42,success,26.383862257003784,,0.11266987353631003,0.7456735105778,0.12759483626273144,0.8601055278949868,0.2638990523292677,0.5716592652402099,0.15889287544848762,0.047958933794143815,0.6687030533125559,GECCO
FITS,187_Exathlon_id_14_Facility_tr_6193_1st_6293.csv,13,success,15.853524446487427,,0.8248548005803057,0.9698830219986738,0.8555623083483721,0.9785350622525655,0.8214548301487627,0.9955502310456957,0.9557310361330456,0.3341430743563983,0.9783577109053498,Exathlon
FITS,187_Exathlon_id_14_Facility_tr_6193_1st_6293.csv,1337,success,15.87459659576416,,0.7809538781915677,0.9579663558697123,0.8144756338428947,0.9679550434268854,0.7778325563599154,0.995465046633011,0.9476843910806169,0.3339646232389808,0.9763884683798834,Exathlon
FITS,187_Exathlon_id_14_Facility_tr_6193_1st_6293.csv,17,success,15.966772079467773,,0.8127882793880752,0.969880279807543,0.8475035949702904,0.978408837444483,0.8192742016066205,0.9955502310456957,0.9522706805609155,0.3337333863103055,0.9783180970648923,Exathlon
FITS,187_Exathlon_id_14_Facility_tr_6193_1st_6293.csv,2024,success,15.996919631958008,,0.7956266402922363,0.9645995920486661,0.8295827098909854,0.9739686494377376,0.7985121136211049,0.9955502310456957,0.9469273743016754,0.3341401603145689,0.9764788181078212,Exathlon
FITS,187_Exathlon_id_14_Facility_tr_6193_1st_6293.csv,42,success,15.778665542602539,,0.7742336204736535,0.9607688499512619,0.8123138568921373,0.9703003269823609,0.7740058038089181,0.995465046633011,0.9446757882212963,0.3321342421182318,0.9755214738099454,Exathlon
HBOS,002_MSL_id_1_Sensor_tr_500_1st_900.csv,13,success,0.009016275405883789,,0.2795052250503792,0.6786143372046456,0.12401267005895636,0.8505627432668913,0.42856806125094726,1.0,0.9999999999999996,0.5897435897435898,0.9991533864541826,MSL
HBOS,002_MSL_id_1_Sensor_tr_500_1st_900.csv,1337,success,0.008983850479125977,,0.2795052250503792,0.6786143372046456,0.12401267005895636,0.8505627432668913,0.42856806125094726,1.0,0.9999999999999996,0.5897435897435898,0.9991533864541826,MSL
HBOS,002_MSL_id_1_Sensor_tr_500_1st_900.csv,17,success,0.008989572525024414,,0.2795052250503792,0.6786143372046456,0.12401267005895636,0.8505627432668913,0.42856806125094726,1.0,0.9999999999999996,0.5897435897435898,0.9991533864541826,MSL
HBOS,002_MSL_id_1_Sensor_tr_500_1st_900.csv,2024,success,0.00899195671081543,,0.2795052250503792,0.6786143372046456,0.12401267005895636,0.8505627432668913,0.42856806125094726,1.0,0.9999999999999996,0.5897435897435898,0.9991533864541826,MSL
HBOS,002_MSL_id_1_Sensor_tr_500_1st_900.csv,42,success,0.009018898010253906,,0.2795052250503792,0.6786143372046456,0.12401267005895636,0.8505627432668913,0.42856806125094726,1.0,0.9999999999999996,0.5897435897435898,0.9991533864541826,MSL
HBOS,027_MITDB_id_9_Medical_tr_25000_1st_52255.csv,13,success,0.009608745574951172,,0.00523709236486503,0.5321575910992519,0.005760576075342414,0.5335597443198836,0.024537573909249683,0.2370654256775253,0.02790373212417158,0.01027114419144772,0.6832570843325241,MITDB
HBOS,027_MITDB_id_9_Medical_tr_25000_1st_52255.csv,1337,success,0.009390592575073242,,0.00523709236486503,0.5321575910992519,0.005760576075342414,0.5335597443198836,0.024537573909249683,0.2370654256775253,0.02790373212417158,0.01027114419144772,0.6832570843325241,MITDB
HBOS,027_MITDB_id_9_Medical_tr_25000_1st_52255.csv,17,success,0.00940251350402832,,0.00523709236486503,0.5321575910992519,0.005760576075342414,0.5335597443198836,0.024537573909249683,0.2370654256775253,0.02790373212417158,0.01027114419144772,0.6832570843325241,MITDB
HBOS,027_MITDB_id_9_Medical_tr_25000_1st_52255.csv,2024,success,0.009386777877807617,,0.00523709236486503,0.5321575910992519,0.005760576075342414,0.5335597443198836,0.024537573909249683,0.2370654256775253,0.02790373212417158,0.01027114419144772,0.6832570843325241,MITDB
HBOS,027_MITDB_id_9_Medical_tr_25000_1st_52255.csv,42,success,0.009384393692016602,,0.00523709236486503,0.5321575910992519,0.005760576075342414,0.5335597443198836,0.024537573909249683,0.2370654256775253,0.02790373212417158,0.01027114419144772,0.6832570843325241,MITDB
HBOS,078_SMD_id_22_Facility_tr_500_1st_326.csv,13,success,2.585942506790161,,0.1543973229768925,0.8019629561117625,0.15085474931112228,0.7608719085519441,0.30377041449303943,0.7674294837679617,0.2942711731697765,0.13326268122901858,0.6952713470426467,SMD
HBOS,078_SMD_id_22_Facility_tr_500_1st_326.csv,1337,success,0.04069924354553223,,0.1543973229768925,0.8019629561117625,0.15085474931112228,0.7608719085519441,0.30377041449303943,0.7674294837679617,0.2942711731697765,0.13326268122901858,0.6952713470426467,SMD
HBOS,078_SMD_id_22_Facility_tr_500_1st_326.csv,17,success,0.040804147720336914,,0.1543973229768925,0.8019629561117625,0.15085474931112228,0.7608719085519441,0.30377041449303943,0.7674294837679617,0.2942711731697765,0.13326268122901858,0.6952713470426467,SMD
HBOS,078_SMD_id_22_Facility_tr_500_1st_326.csv,2024,success,0.04077267646789551,,0.1543973229768925,0.8019629561117625,0.15085474931112228,0.7608719085519441,0.30377041449303943,0.7674294837679617,0.2942711731697765,0.13326268122901858,0.6952713470426467,SMD
HBOS,078_SMD_id_22_Facility_tr_500_1st_326.csv,42,success,0.04087495803833008,,0.1543973229768925,0.8019629561117625,0.15085474931112228,0.7608719085519441,0.30377041449303943,0.7674294837679617,0.2942711731697765,0.13326268122901858,0.6952713470426467,SMD
HBOS,115_PSM_id_1_Facility_tr_50000_1st_129872.csv,13,success,0.36125779151916504,,0.16712894965307892,0.6263531693775625,0.16732085053018303,0.6082095553288285,0.25144388808135276,0.8267446838875411,0.2694912190795731,0.19944412265811126,0.7234823366547493,PSM
HBOS,115_PSM_id_1_Facility_tr_50000_1st_129872.csv,1337,success,0.35144710540771484,,0.16712894965307892,0.6263531693775625,0.16732085053018303,0.6082095553288285,0.25144388808135276,0.8267446838875411,0.2694912190795731,0.19944412265811126,0.7234823366547493,PSM
HBOS,115_PSM_id_1_Facility_tr_50000_1st_129872.csv,17,success,0.35356879234313965,,0.16712894965307892,0.6263531693775625,0.16732085053018303,0.6082095553288285,0.25144388808135276,0.8267446838875411,0.2694912190795731,0.19944412265811126,0.7234823366547493,PSM
HBOS,115_PSM_id_1_Facility_tr_50000_1st_129872.csv,2024,success,0.35326504707336426,,0.16712894965307892,0.6263531693775625,0.16732085053018303,0.6082095553288285,0.25144388808135276,0.8267446838875411,0.2694912190795731,0.19944412265811126,0.7234823366547493,PSM
HBOS,115_PSM_id_1_Facility_tr_50000_1st_129872.csv,42,success,0.35228824615478516,,0.16712894965307892,0.6263531693775625,0.16732085053018303,0.6082095553288285,0.25144388808135276,0.8267446838875411,0.2694912190795731,0.19944412265811126,0.7234823366547493,PSM
HBOS,132_OPPORTUNITY_id_4_HumanActivity_tr_895_1st_995.csv,13,success,0.12328195571899414,,0.08041004715466309,0.7178020520964223,0.08125664936105878,0.718753340066646,0.1641456949128855,0.9626373626373627,0.17857142857142838,0.16603487490523122,0.6865561322169207,OPPORTUNITY
HBOS,132_OPPORTUNITY_id_4_HumanActivity_tr_895_1st_995.csv,1337,success,0.11712837219238281,,0.08041004715466309,0.7178020520964223,0.08125664936105878,0.718753340066646,0.1641456949128855,0.9626373626373627,0.17857142857142838,0.16603487490523122,0.6865561322169207,OPPORTUNITY
HBOS,132_OPPORTUNITY_id_4_HumanActivity_tr_895_1st_995.csv,17,success,0.11728572845458984,,0.08041004715466309,0.7178020520964223,0.08125664936105878,0.718753340066646,0.1641456949128855,0.9626373626373627,0.17857142857142838,0.16603487490523122,0.6865561322169207,OPPORTUNITY
HBOS,132_OPPORTUNITY_id_4_HumanActivity_tr_895_1st_995.csv,2024,success,0.11717104911804199,,0.08041004715466309,0.7178020520964223,0.08125664936105878,0.718753340066646,0.1641456949128855,0.9626373626373627,0.17857142857142838,0.16603487490523122,0.6865561322169207,OPPORTUNITY
HBOS,132_OPPORTUNITY_id_4_HumanActivity_tr_895_1st_995.csv,42,success,0.11747860908508301,,0.08041004715466309,0.7178020520964223,0.08125664936105878,0.718753340066646,0.1641456949128855,0.9626373626373627,0.17857142857142838,0.16603487490523122,0.6865561322169207,OPPORTUNITY
HBOS,139_CATSv2_id_2_Sensor_tr_5592_1st_5692.csv,13,success,0.15500807762145996,,0.04187997501698289,0.5864786744836904,0.04572592582453102,0.5752216049189081,0.08256505542574227,0.3446555711759104,0.0983459991059453,0.1302073401880683,0.6678814758738046,CATSv2
HBOS,139_CATSv2_id_2_Sensor_tr_5592_1st_5692.csv,1337,success,0.14002323150634766,,0.04187997501698289,0.5864786744836904,0.04572592582453102,0.5752216049189081,0.08256505542574227,0.3446555711759104,0.0983459991059453,0.1302073401880683,0.6678814758738046,CATSv2
HBOS,139_CATSv2_id_2_Sensor_tr_5592_1st_5692.csv,17,success,0.14035511016845703,,0.04187997501698289,0.5864786744836904,0.04572592582453102,0.5752216049189081,0.08256505542574227,0.3446555711759104,0.0983459991059453,0.1302073401880683,0.6678814758738046,CATSv2
HBOS,139_CATSv2_id_2_Sensor_tr_5592_1st_5692.csv,2024,success,0.13821792602539062,,0.04187997501698289,0.5864786744836904,0.04572592582453102,0.5752216049189081,0.08256505542574227,0.3446555711759104,0.0983459991059453,0.1302073401880683,0.6678814758738046,CATSv2
HBOS,139_CATSv2_id_2_Sensor_tr_5592_1st_5692.csv,42,success,0.13827991485595703,,0.04187997501698289,0.5864786744836904,0.04572592582453102,0.5752216049189081,0.08256505542574227,0.3446555711759104,0.0983459991059453,0.1302073401880683,0.6678814758738046,CATSv2
HBOS,166_SMAP_id_23_Sensor_tr_1113_1st_1890.csv,13,success,0.006029844284057617,,0.613349180875595,0.8048780487804879,0.6135295169434033,0.8049235694678866,0.7575710514525591,1.0,0.9999999999999996,0.4870848708487085,0.9998178478934036,SMAP
HBOS,166_SMAP_id_23_Sensor_tr_1113_1st_1890.csv,1337,success,0.006089925765991211,,0.613349180875595,0.8048780487804879,0.6135295169434033,0.8049235694678866,0.7575710514525591,1.0,0.9999999999999996,0.4870848708487085,0.9998178478934036,SMAP
HBOS,166_SMAP_id_23_Sensor_tr_1113_1st_1890.csv,17,success,0.006128072738647461,,0.613349180875595,0.8048780487804879,0.6135295169434033,0.8049235694678866,0.7575710514525591,1.0,0.9999999999999996,0.4870848708487085,0.9998178478934036,SMAP
HBOS,166_SMAP_id_23_Sensor_tr_1113_1st_1890.csv,2024,success,0.006049633026123047,,0.613349180875595,0.8048780487804879,0.6135295169434033,0.8049235694678866,0.7575710514525591,1.0,0.9999999999999996,0.4870848708487085,0.9998178478934036,SMAP
HBOS,166_SMAP_id_23_Sensor_tr_1113_1st_1890.csv,42,success,0.006083011627197266,,0.613349180875595,0.8048780487804879,0.6135295169434033,0.8049235694678866,0.7575710514525591,1.0,0.9999999999999996,0.4870848708487085,0.9998178478934036,SMAP
HBOS,171_SWaT_id_1_Sensor_tr_3749_1st_9522.csv,13,success,0.04729628562927246,,0.2020541036304076,0.7188276234951346,0.24502567686921278,0.7340038906715153,0.427892249296337,0.5771233614652541,0.4398050658805122,0.39037217732029494,0.8055258316250667,SWaT
HBOS,171_SWaT_id_1_Sensor_tr_3749_1st_9522.csv,1337,success,0.04260611534118652,,0.2020541036304076,0.7188276234951346,0.24502567686921278,0.7340038906715153,0.427892249296337,0.5771233614652541,0.4398050658805122,0.39037217732029494,0.8055258316250667,SWaT
HBOS,171_SWaT_id_1_Sensor_tr_3749_1st_9522.csv,17,success,0.0427091121673584,,0.2020541036304076,0.7188276234951346,0.24502567686921278,0.7340038906715153,0.427892249296337,0.5771233614652541,0.4398050658805122,0.39037217732029494,0.8055258316250667,SWaT
HBOS,171_SWaT_id_1_Sensor_tr_3749_1st_9522.csv,2024,success,0.042354583740234375,,0.2020541036304076,0.7188276234951346,0.24502567686921278,0.7340038906715153,0.427892249296337,0.5771233614652541,0.4398050658805122,0.39037217732029494,0.8055258316250667,SWaT
HBOS,171_SWaT_id_1_Sensor_tr_3749_1st_9522.csv,42,success,0.042563438415527344,,0.2020541036304076,0.7188276234951346,0.24502567686921278,0.7340038906715153,0.427892249296337,0.5771233614652541,0.4398050658805122,0.39037217732029494,0.8055258316250667,SWaT
HBOS,173_GECCO_id_1_Sensor_tr_16165_1st_16265.csv,13,success,0.04936623573303223,,0.08821977226460138,0.6774122640482961,0.0359987140064971,0.6644390660381557,0.16608068320648983,0.3585502310873267,0.11493322541481131,0.06617197889387148,0.6901138543539885,GECCO
HBOS,173_GECCO_id_1_Sensor_tr_16165_1st_16265.csv,1337,success,0.04946708679199219,,0.08821977226460138,0.6774122640482961,0.0359987140064971,0.6644390660381557,0.16608068320648983,0.3585502310873267,0.11493322541481131,0.06617197889387148,0.6901138543539885,GECCO
HBOS,173_GECCO_id_1_Sensor_tr_16165_1st_16265.csv,17,success,0.04939699172973633,,0.08821977226460138,0.6774122640482961,0.0359987140064971,0.6644390660381557,0.16608068320648983,0.3585502310873267,0.11493322541481131,0.06617197889387148,0.6901138543539885,GECCO
HBOS,173_GECCO_id_1_Sensor_tr_16165_1st_16265.csv,2024,success,0.04942655563354492,,0.08821977226460138,0.6774122640482961,0.0359987140064971,0.6644390660381557,0.16608068320648983,0.3585502310873267,0.11493322541481131,0.06617197889387148,0.6901138543539885,GECCO
HBOS,173_GECCO_id_1_Sensor_tr_16165_1st_16265.csv,42,success,0.0493626594543457,,0.08821977226460138,0.6774122640482961,0.0359987140064971,0.6644390660381557,0.16608068320648983,0.3585502310873267,0.11493322541481131,0.06617197889387148,0.6901138543539885,GECCO
HBOS,187_Exathlon_id_14_Facility_tr_6193_1st_6293.csv,13,success,0.027739763259887695,,0.5861105606776986,0.8896632972734989,0.5983594543186744,0.900234132214083,0.5490742350411103,0.9993986770895971,0.9984144960362396,0.34048749898250213,0.9980234305372058,Exathlon
HBOS,187_Exathlon_id_14_Facility_tr_6193_1st_6293.csv,1337,success,0.027716636657714844,,0.5861105606776986,0.8896632972734989,0.5983594543186744,0.900234132214083,0.5490742350411103,0.9993986770895971,0.9984144960362396,0.34048749898250213,0.9980234305372058,Exathlon
HBOS,187_Exathlon_id_14_Facility_tr_6193_1st_6293.csv,17,success,0.02766728401184082,,0.5861105606776986,0.8896632972734989,0.5983594543186744,0.900234132214083,0.5490742350411103,0.9993986770895971,0.9984144960362396,0.34048749898250213,0.9980234305372058,Exathlon
HBOS,187_Exathlon_id_14_Facility_tr_6193_1st_6293.csv,2024,success,0.02769923210144043,,0.5861105606776986,0.8896632972734989,0.5983594543186744,0.900234132214083,0.5490742350411103,0.9993986770895971,0.9984144960362396,0.34048749898250213,0.9980234305372058,Exathlon
HBOS,187_Exathlon_id_14_Facility_tr_6193_1st_6293.csv,42,success,0.027830839157104492,,0.5861105606776986,0.8896632972734989,0.5983594543186744,0.900234132214083,0.5490742350411103,0.9993986770895971,0.9984144960362396,0.34048749898250213,0.9980234305372058,Exathlon
IForest,002_MSL_id_1_Sensor_tr_500_1st_900.csv,13,error,,,,,,,,,,,,MSL
IForest,002_MSL_id_1_Sensor_tr_500_1st_900.csv,1337,error,,,,,,,,,,,,MSL
IForest,002_MSL_id_1_Sensor_tr_500_1st_900.csv,17,error,,,,,,,,,,,,MSL
IForest,002_MSL_id_1_Sensor_tr_500_1st_900.csv,2024,error,,,,,,,,,,,,MSL
IForest,002_MSL_id_1_Sensor_tr_500_1st_900.csv,42,success,2.680074691772461,,0.35859382534445117,0.9863586303564277,0.5857447113543922,0.9961960826850129,0.44443969140885575,0.9565217391304348,0.8571428571428567,0.45544554455445546,0.9971138381961411,MSL
IForest,027_MITDB_id_9_Medical_tr_25000_1st_52255.csv,13,error,,,,,,,,,,,,MITDB
IForest,027_MITDB_id_9_Medical_tr_25000_1st_52255.csv,1337,error,,,,,,,,,,,,MITDB
IForest,027_MITDB_id_9_Medical_tr_25000_1st_52255.csv,17,error,,,,,,,,,,,,MITDB
IForest,027_MITDB_id_9_Medical_tr_25000_1st_52255.csv,2024,error,,,,,,,,,,,,MITDB
IForest,027_MITDB_id_9_Medical_tr_25000_1st_52255.csv,42,success,6.477450609207153,,0.011090572502320175,0.736382346182527,0.012105832516468932,0.7614640007010252,0.03828572662538629,0.9106203995793901,0.06691449814126386,0.06920848665153057,0.7628449999672274,MITDB
IForest,078_SMD_id_22_Facility_tr_500_1st_326.csv,13,error,,,,,,,,,,,,SMD
IForest,078_SMD_id_22_Facility_tr_500_1st_326.csv,1337,error,,,,,,,,,,,,SMD
IForest,078_SMD_id_22_Facility_tr_500_1st_326.csv,17,error,,,,,,,,,,,,SMD
IForest,078_SMD_id_22_Facility_tr_500_1st_326.csv,2024,error,,,,,,,,,,,,SMD
IForest,078_SMD_id_22_Facility_tr_500_1st_326.csv,42,success,30.949463844299316,,0.3694509631200385,0.8310472864142691,0.14272862856845003,0.5092504293084849,0.4524937395572198,0.6700443318556049,0.29845809621090474,0.17821716475094754,0.6787082340885456,SMD
IForest,115_PSM_id_1_Facility_tr_50000_1st_129872.csv,13,error,,,,,,,,,,,,PSM
IForest,115_PSM_id_1_Facility_tr_50000_1st_129872.csv,1337,error,,,,,,,,,,,,PSM
IForest,115_PSM_id_1_Facility_tr_50000_1st_129872.csv,17,error,,,,,,,,,,,,PSM
IForest,115_PSM_id_1_Facility_tr_50000_1st_129872.csv,2024,error,,,,,,,,,,,,PSM
IForest,115_PSM_id_1_Facility_tr_50000_1st_129872.csv,42,success,190.2243299484253,,0.18557374487538333,0.6191286519325118,0.17268504456145367,0.5719583128031387,0.26239473898355814,0.8314431138989208,0.2746814922939962,0.1717694685495443,0.7234749037904286,PSM
IForest,132_OPPORTUNITY_id_4_HumanActivity_tr_895_1st_995.csv,13,error,,,,,,,,,,,,OPPORTUNITY
IForest,132_OPPORTUNITY_id_4_HumanActivity_tr_895_1st_995.csv,1337,error,,,,,,,,,,,,OPPORTUNITY
IForest,132_OPPORTUNITY_id_4_HumanActivity_tr_895_1st_995.csv,17,error,,,,,,,,,,,,OPPORTUNITY
IForest,132_OPPORTUNITY_id_4_HumanActivity_tr_895_1st_995.csv,2024,error,,,,,,,,,,,,OPPORTUNITY
IForest,132_OPPORTUNITY_id_4_HumanActivity_tr_895_1st_995.csv,42,success,81.26205372810364,,0.1759138346160173,0.8697574024252048,0.17616687935821257,0.8701680189575519,0.27945136713079155,0.9965870307167235,0.4155844155844152,0.23378821538136044,0.7508849044608238,OPPORTUNITY
IForest,139_CATSv2_id_2_Sensor_tr_5592_1st_5692.csv,13,error,,,,,,,,,,,,CATSv2
IForest,139_CATSv2_id_2_Sensor_tr_5592_1st_5692.csv,1337,error,,,,,,,,,,,,CATSv2
IForest,139_CATSv2_id_2_Sensor_tr_5592_1st_5692.csv,17,error,,,,,,,,,,,,CATSv2
IForest,139_CATSv2_id_2_Sensor_tr_5592_1st_5692.csv,2024,error,,,,,,,,,,,,CATSv2
IForest,139_CATSv2_id_2_Sensor_tr_5592_1st_5692.csv,42,success,116.07626366615295,,0.04298266808487872,0.6071715217461235,0.04683504757943603,0.5792324503099401,0.08776009329597602,0.3578322896558218,0.09808898893625156,0.11470145378960937,0.66848700682321,CATSv2
IForest,166_SMAP_id_23_Sensor_tr_1113_1st_1890.csv,13,error,,,,,,,,,,,,SMAP
IForest,166_SMAP_id_23_Sensor_tr_1113_1st_1890.csv,1337,error,,,,,,,,,,,,SMAP
IForest,166_SMAP_id_23_Sensor_tr_1113_1st_1890.csv,17,error,,,,,,,,,,,,SMAP
IForest,166_SMAP_id_23_Sensor_tr_1113_1st_1890.csv,2024,error,,,,,,,,,,,,SMAP
IForest,166_SMAP_id_23_Sensor_tr_1113_1st_1890.csv,42,success,3.3654072284698486,,0.4633569430699498,0.9950522963978506,0.5217813009676435,0.9956066935361153,0.7068919813018449,0.8723404255319149,0.6981132075471693,0.5030674846625767,0.9965207432207672,SMAP
IForest,171_SWaT_id_1_Sensor_tr_3749_1st_9522.csv,13,error,,,,,,,,,,,,SWaT
IForest,171_SWaT_id_1_Sensor_tr_3749_1st_9522.csv,1337,error,,,,,,,,,,,,SWaT
IForest,171_SWaT_id_1_Sensor_tr_3749_1st_9522.csv,17,error,,,,,,,,,,,,SWaT
IForest,171_SWaT_id_1_Sensor_tr_3749_1st_9522.csv,2024,error,,,,,,,,,,,,SWaT
IForest,171_SWaT_id_1_Sensor_tr_3749_1st_9522.csv,42,success,34.29706144332886,,0.2464280546295974,0.7708161782748263,0.31123909297676117,0.7913019146344338,0.47886017543425746,0.5978692955954842,0.4912914886625036,0.2865936230877708,0.7958379484176551,SWaT
IForest,173_GECCO_id_1_Sensor_tr_16165_1st_16265.csv,13,error,,,,,,,,,,,,GECCO
IForest,173_GECCO_id_1_Sensor_tr_16165_1st_16265.csv,1337,error,,,,,,,,,,,,GECCO
IForest,173_GECCO_id_1_Sensor_tr_16165_1st_16265.csv,17,error,,,,,,,,,,,,GECCO
IForest,173_GECCO_id_1_Sensor_tr_16165_1st_16265.csv,2024,error,,,,,,,,,,,,GECCO
IForest,173_GECCO_id_1_Sensor_tr_16165_1st_16265.csv,42,success,42.818092823028564,,0.054125988050995624,0.6476471059853626,0.03292830870910965,0.6081354610603513,0.1135129744805169,0.2545271629778672,0.06847428652832481,0.07953541530673192,0.6721045798385419,GECCO
IForest,187_Exathlon_id_14_Facility_tr_6193_1st_6293.csv,13,error,,,,,,,,,,,,Exathlon
IForest,187_Exathlon_id_14_Facility_tr_6193_1st_6293.csv,1337,error,,,,,,,,,,,,Exathlon
IForest,187_Exathlon_id_14_Facility_tr_6193_1st_6293.csv,17,error,,,,,,,,,,,,Exathlon
IForest,187_Exathlon_id_14_Facility_tr_6193_1st_6293.csv,2024,error,,,,,,,,,,,,Exathlon
IForest,187_Exathlon_id_14_Facility_tr_6193_1st_6293.csv,42,success,25.881237030029297,,0.9876224087859828,0.9982044667023097,0.9940319843471943,0.9993174237986314,0.9727456427468024,1.0,0.9999999999999996,0.8832938540559153,0.9989821816114545,Exathlon
KMeansAD,002_MSL_id_1_Sensor_tr_500_1st_900.csv,13,success,0.3977797031402588,,1.0,1.0,0.9960656085287001,0.9999837416303883,0.9999950000249999,1.0,0.9999999999999996,0.9622641509433962,0.9999751200457786,MSL
KMeansAD,002_MSL_id_1_Sensor_tr_500_1st_900.csv,1337,success,0.3864305019378662,,0.9924242424242424,0.9999499399279135,0.9960656085287001,0.9999837416303883,0.9565167486082682,1.0,0.9999999999999996,0.9622641509433962,0.9999751200457786,MSL
KMeansAD,002_MSL_id_1_Sensor_tr_500_1st_900.csv,17,success,0.3402984142303467,,1.0,1.0,0.9960656085287001,0.9999837416303883,0.9999950000249999,1.0,0.9999999999999996,1.0,0.9999999999999996,MSL
KMeansAD,002_MSL_id_1_Sensor_tr_500_1st_900.csv,2024,success,0.33213090896606445,,1.0,1.0,0.9960656085287001,0.9999837416303883,0.9999950000249999,1.0,0.9999999999999996,1.0,0.9999999999999996,MSL
KMeansAD,002_MSL_id_1_Sensor_tr_500_1st_900.csv,42,success,0.3485088348388672,,1.0,1.0,0.9960656085287001,0.9999837416303883,0.9999950000249999,1.0,0.9999999999999996,0.9622641509433962,0.9999751200457786,MSL
KMeansAD,027_MITDB_id_9_Medical_tr_25000_1st_52255.csv,13,success,15.136264085769653,,0.022584466752112297,0.6823844011312632,0.020315718040909016,0.7007350330669649,0.12065911898881593,0.8992731048805815,0.3167420814479635,0.34294385432473445,0.6973485595510283,MITDB
KMeansAD,027_MITDB_id_9_Medical_tr_25000_1st_52255.csv,1337,success,15.218053102493286,,0.02222524679997665,0.6858870734761888,0.02040353081054242,0.7056235374868078,0.11849242613488163,0.8955532574974147,0.3076923076923074,0.34134469120778826,0.7078125643789551,MITDB
KMeansAD,027_MITDB_id_9_Medical_tr_25000_1st_52255.csv,17,success,15.21771788597107,,0.022584466752112297,0.6823844011312632,0.020315718040909016,0.7007350330669649,0.12065911898881593,0.8992731048805815,0.3167420814479635,0.34294385432473445,0.6973485595510283,MITDB
KMeansAD,027_MITDB_id_9_Medical_tr_25000_1st_52255.csv,2024,success,15.039870023727417,,0.02221719402752536,0.685905722355165,0.02040607557927373,0.7056634459863478,0.11849242613488163,0.8955532574974147,0.3076923076923074,0.34134469120778826,0.7078125643789551,MITDB
KMeansAD,027_MITDB_id_9_Medical_tr_25000_1st_52255.csv,42,success,15.155045509338379,,0.022803627156019936,0.6806282751658793,0.02105400186471228,0.7035908924961959,0.11856035880607788,0.8955532574974147,0.3185840707964599,0.34453527096578873,0.6996722809567276,MITDB
KMeansAD,078_SMD_id_22_Facility_tr_500_1st_326.csv,13,success,3.9541237354278564,,0.41823064790780506,0.9181887648952809,0.24590986897049963,0.8177803984496028,0.5853884140597839,0.8211143695014663,0.43086614173228305,0.3109692958436174,0.8509429152336503,SMD
KMeansAD,078_SMD_id_22_Facility_tr_500_1st_326.csv,1337,success,4.061283111572266,,0.14546293059351978,0.8122664259617799,0.12007829804886408,0.7511230451502455,0.21665571936066286,0.7381370826010545,0.29888475836431183,0.40988363029056585,0.8389909611554571,SMD
KMeansAD,078_SMD_id_22_Facility_tr_500_1st_326.csv,17,success,4.0437235832214355,,0.14574675388959604,0.8131220434340057,0.12036571635262834,0.7518264561030433,0.21675175517439174,0.7381370826010545,0.29888475836431183,0.32541433309550516,0.8391887991875081,SMD
KMeansAD,078_SMD_id_22_Facility_tr_500_1st_326.csv,2024,success,3.8926167488098145,,0.17068848260669112,0.825856897503294,0.1389869610930772,0.7854835062313246,0.23571567714120426,0.8215158924205379,0.3520485584218508,0.29212108777805335,0.8386338735849876,SMD
KMeansAD,078_SMD_id_22_Facility_tr_500_1st_326.csv,42,success,4.315149307250977,,0.15133296673986232,0.8174690879877752,0.12600794602666165,0.772509617870763,0.23202473587650335,0.7417218543046358,0.29715950473415836,0.29846989345642705,0.8604975036208096,SMD
KMeansAD,115_PSM_id_1_Facility_tr_50000_1st_129872.csv,13,success,76.74445533752441,,0.23033166468752053,0.7527695055129184,0.2281971568459059,0.6721622498684365,0.3456118227450847,0.7775580729214792,0.34577540535022233,0.2808966357955391,0.7302229883039832,PSM
KMeansAD,115_PSM_id_1_Facility_tr_50000_1st_129872.csv,1337,success,76.38468551635742,,0.21718310882203967,0.7278213267530971,0.21206622819901177,0.6430686421173271,0.31963963612569657,0.7866092480367894,0.31835935554711015,0.25130860314005204,0.7286354714244125,PSM
KMeansAD,115_PSM_id_1_Facility_tr_50000_1st_129872.csv,17,success,77.6064522266388,,0.17374554237392803,0.6483485637272689,0.1783714673524234,0.5927783720302966,0.2855605264634195,0.7560925353563736,0.29074939181503945,0.2876352257631791,0.7270873031765906,PSM
KMeansAD,115_PSM_id_1_Facility_tr_50000_1st_129872.csv,2024,success,77.03836417198181,,0.22159915478599423,0.7414866254140274,0.21964326593890113,0.6584782990177414,0.33681782502846647,0.7684172003659653,0.3374863204803356,0.2766105515453348,0.7294600056853998,PSM
KMeansAD,115_PSM_id_1_Facility_tr_50000_1st_129872.csv,42,success,79.82848072052002,,0.19311815248157985,0.7010647452113548,0.1944771247467629,0.622916962557506,0.2984431868015007,0.7597128144552519,0.30041321727276565,0.27672287079705726,0.7140934246703347,PSM
KMeansAD,132_OPPORTUNITY_id_4_HumanActivity_tr_895_1st_995.csv,13,success,7.1590940952301025,,0.045511763406980266,0.5358078748493562,0.04628207308158255,0.5361810621222152,0.1465604621074124,0.37292464878671777,0.14532183145321817,0.16685714285714287,0.6727313156765705,OPPORTUNITY
KMeansAD,132_OPPORTUNITY_id_4_HumanActivity_tr_895_1st_995.csv,1337,success,8.826086044311523,,0.038585444900145836,0.428819800443516,0.03950640797184804,0.42918759149174335,0.13300817228326267,0.23529411764705882,0.13274738596757069,0.16337187616560983,0.6744676761953431,OPPORTUNITY
KMeansAD,132_OPPORTUNITY_id_4_HumanActivity_tr_895_1st_995.csv,17,success,8.291928052902222,,0.047776187023448005,0.5600923006555094,0.048480581089527894,0.5604198585469511,0.15098102402238392,0.36652719665271966,0.15015426808364743,0.16704805491990846,0.6676237063390967,OPPORTUNITY
KMeansAD,132_OPPORTUNITY_id_4_HumanActivity_tr_895_1st_995.csv,2024,success,7.972596883773804,,0.029157495880292594,0.245897991330111,0.029752441393526074,0.24677848864744592,0.10068869897697592,0.22525070712265363,0.10027472527472517,0.16704805491990846,0.6676237063390967,OPPORTUNITY
KMeansAD,132_OPPORTUNITY_id_4_HumanActivity_tr_895_1st_995.csv,42,success,6.9248878955841064,,0.02859561344377619,0.23187661725292488,0.029261156996007048,0.23285693102671495,0.09957845586414393,0.2664233576642336,0.09929721151666278,0.16653992395437262,0.6676238697492152,OPPORTUNITY
KMeansAD,139_CATSv2_id_2_Sensor_tr_5592_1st_5692.csv,13,success,59.04128623008728,,0.04357852162468879,0.6222951738724828,0.048564671036234804,0.6349526414582383,0.0971996158781321,0.3778292639458207,0.10032374068460831,0.09424692872355751,0.6809698554982825,CATSv2
KMeansAD,139_CATSv2_id_2_Sensor_tr_5592_1st_5692.csv,1337,success,59.31806516647339,,0.04450991536219401,0.6240594857813806,0.04927152470369335,0.6135687625649374,0.09833657344849285,0.3292743538767396,0.10186800291776335,0.09426836277973455,0.6679712208406423,CATSv2
KMeansAD,139_CATSv2_id_2_Sensor_tr_5592_1st_5692.csv,17,success,60.446717262268066,,0.04029272728093576,0.5881263269639065,0.04467256361736824,0.5996118188417741,0.08998317448292188,0.34709715445823375,0.0942492583723506,0.09476590298156387,0.6679566430056224,CATSv2
KMeansAD,139_CATSv2_id_2_Sensor_tr_5592_1st_5692.csv,2024,success,61.36034035682678,,0.040287345700003196,0.588088558354243,0.04466534949664036,0.5995804795318075,0.09001083967269752,0.34710852053179647,0.09422617930220699,0.09475832999940598,0.6679572189645774,CATSv2
KMeansAD,139_CATSv2_id_2_Sensor_tr_5592_1st_5692.csv,42,success,59.45745658874512,,0.04450178859520901,0.6240458510261855,0.049267793692428855,0.6136485294947696,0.09832219269532282,0.33036215171725986,0.10162807280317716,0.09387209666803599,0.6679656297776482,CATSv2
KMeansAD,166_SMAP_id_23_Sensor_tr_1113_1st_1890.csv,13,success,0.45545482635498047,,0.9536056585653014,0.9995743316454015,0.9286987468088153,0.9995529986831853,0.9010939500332416,1.0,0.9999999999999996,0.9010989010989011,0.9992984187015258,SMAP
KMeansAD,166_SMAP_id_23_Sensor_tr_1113_1st_1890.csv,1337,success,0.5138356685638428,,0.97186307465619,0.9997401764588816,0.9425094106268028,0.9996486149827223,0.921343345563979,1.0,0.9999999999999996,0.9213483146067416,0.999536957123325,SMAP
KMeansAD,166_SMAP_id_23_Sensor_tr_1113_1st_1890.csv,17,success,0.46189188957214355,,0.993381878694506,0.9999391902350574,0.9672387309562019,0.9998024616397844,0.9647008886071649,1.0,0.9999999999999996,0.9647058823529412,0.9998657890916656,SMAP
KMeansAD,166_SMAP_id_23_Sensor_tr_1113_1st_1890.csv,2024,success,0.5396275520324707,,0.9677562833622015,0.9997070074961856,0.9425094106268028,0.9996486149827223,0.9195352464267966,1.0,0.9999999999999996,0.9221628758326832,0.999426065980613,SMAP
KMeansAD,166_SMAP_id_23_Sensor_tr_1113_1st_1890.csv,42,success,0.4478020668029785,,0.9882610694856049,0.9998894367910135,0.9672387309562019,0.9998024616397846,0.9425237521732643,1.0,0.9999999999999996,0.9444956666052,0.9998246969174043,SMAP
KMeansAD,171_SWaT_id_1_Sensor_tr_3749_1st_9522.csv,13,success,3.756823778152466,,0.1639440923169485,0.5607528642077944,0.18935478599336378,0.5973815535999688,0.2606793124439547,0.6018440905280805,0.38727915194346246,0.374545955692271,0.7162982897325362,SWaT
KMeansAD,171_SWaT_id_1_Sensor_tr_3749_1st_9522.csv,1337,success,3.6929409503936768,,0.2080357601611162,0.6169441664286439,0.25799233945140415,0.6534439070018263,0.3041594019699042,0.6765075376884422,0.615637860082304,0.3678471576734938,0.7245095132264714,SWaT
KMeansAD,171_SWaT_id_1_Sensor_tr_3749_1st_9522.csv,17,success,4.138827085494995,,0.16402280819841342,0.5403599601514987,0.20592232389957882,0.5926169899028749,0.2477986899762909,0.6194995685936152,0.368078175895765,0.2885051385167594,0.7162963744206388,SWaT
KMeansAD,171_SWaT_id_1_Sensor_tr_3749_1st_9522.csv,2024,success,3.9606144428253174,,0.23126141902092845,0.6002622121181862,0.2478577680671906,0.6271175061321111,0.3547139960993153,0.6289051094890511,0.517476168860644,0.3220322298731244,0.7610102354360712,SWaT
KMeansAD,171_SWaT_id_1_Sensor_tr_3749_1st_9522.csv,42,success,4.006371974945068,,0.1948874242275627,0.6033670358148856,0.229298498352401,0.6412201608642744,0.2748249647189617,0.6382222222222222,0.429959977129788,0.32131665487564154,0.7187616935882939,SWaT
KMeansAD,173_GECCO_id_1_Sensor_tr_16165_1st_16265.csv,13,success,30.95147943496704,,0.1257139363348989,0.7272991569923226,0.05610333763570769,0.6521760795755077,0.21849210996773366,0.374900714853058,0.14357986027463215,0.11308146138744567,0.668702864591798,GECCO
KMeansAD,173_GECCO_id_1_Sensor_tr_16165_1st_16265.csv,1337,success,30.47240447998047,,0.12445861389146216,0.727337059111508,0.05411128695863852,0.6608056952005631,0.2217870457954011,0.3649484536082474,0.1456996148908853,0.11498887097461426,0.6719884274291038,GECCO
KMeansAD,173_GECCO_id_1_Sensor_tr_16165_1st_16265.csv,17,success,29.96858787536621,,0.15360310038933656,0.7175214690791938,0.051597100622754084,0.6290838076343823,0.2213219135233838,0.37126376507603565,0.1329293324210728,0.10016652386678156,0.6687025910311458,GECCO
KMeansAD,173_GECCO_id_1_Sensor_tr_16165_1st_16265.csv,2024,success,30.503159284591675,,0.13121327753968592,0.7174433777535102,0.05533493661603344,0.6423950439495888,0.2368692514105373,0.4003392705682782,0.14442295293359075,0.11318202580006159,0.6692788309086367,GECCO
KMeansAD,173_GECCO_id_1_Sensor_tr_16165_1st_16265.csv,42,success,30.6027410030365,,0.1235594089974436,0.7038011391134835,0.05026528558358246,0.6370646698911613,0.2240733412912924,0.3820831084727469,0.14263850627486943,0.11152360174166824,0.6726718581076033,GECCO
KMeansAD,187_Exathlon_id_14_Facility_tr_6193_1st_6293.csv,13,success,6.054711580276489,,0.9909998744299383,0.9987659213921511,0.9946986539406719,0.9994621330454855,0.9728671610229838,1.0,0.9999999999999996,0.814277739084556,0.9958597431747003,Exathlon
KMeansAD,187_Exathlon_id_14_Facility_tr_6193_1st_6293.csv,1337,success,6.269190788269043,,0.9909306419774895,0.9987632865316017,0.9946323160615116,0.9994595299349556,0.9728671610229838,1.0,0.9999999999999996,0.8140062339118981,0.9958725889841659,Exathlon
KMeansAD,187_Exathlon_id_14_Facility_tr_6193_1st_6293.csv,17,success,6.377674341201782,,0.9909228784760339,0.9987630171528875,0.9946335223504362,0.9994596518333826,0.9728671610229838,1.0,0.9999999999999996,0.8139633489196484,0.9958711408373011,Exathlon
KMeansAD,187_Exathlon_id_14_Facility_tr_6193_1st_6293.csv,2024,success,6.298326015472412,,0.9909905722513991,0.9987657109400306,0.9946998541317804,0.9994622548242573,0.9728671610229838,1.0,0.9999999999999996,0.8140919910035848,0.9958502712646776,Exathlon
KMeansAD,187_Exathlon_id_14_Facility_tr_6193_1st_6293.csv,42,success,6.091914653778076,,0.9909935474701184,0.9987657277762003,0.9946785280225293,0.9994615155741119,0.9728671610229838,1.0,0.9999999999999996,0.8140348215190139,0.9958502231663885,Exathlon
KNN,002_MSL_id_1_Sensor_tr_500_1st_900.csv,13,success,0.015000104904174805,,0.27768863447702996,0.6167901481778133,0.1769132793101162,0.8274247022363537,0.42856806125094726,1.0,0.9999999999999996,0.5897435897435898,0.9991533864541826,MSL
KNN,002_MSL_id_1_Sensor_tr_500_1st_900.csv,1337,success,0.014812469482421875,,0.27768863447702996,0.6167901481778133,0.1769132793101162,0.8274247022363537,0.42856806125094726,1.0,0.9999999999999996,0.5897435897435898,0.9991533864541826,MSL
KNN,002_MSL_id_1_Sensor_tr_500_1st_900.csv,17,success,0.014920473098754883,,0.27768863447702996,0.6167901481778133,0.1769132793101162,0.8274247022363537,0.42856806125094726,1.0,0.9999999999999996,0.5897435897435898,0.9991533864541826,MSL
KNN,002_MSL_id_1_Sensor_tr_500_1st_900.csv,2024,success,0.014923572540283203,,0.27768863447702996,0.6167901481778133,0.1769132793101162,0.8274247022363537,0.42856806125094726,1.0,0.9999999999999996,0.5897435897435898,0.9991533864541826,MSL
KNN,002_MSL_id_1_Sensor_tr_500_1st_900.csv,42,success,0.014943599700927734,,0.27768863447702996,0.6167901481778133,0.1769132793101162,0.8274247022363537,0.42856806125094726,1.0,0.9999999999999996,0.5897435897435898,0.9991533864541826,MSL
KNN,027_MITDB_id_9_Medical_tr_25000_1st_52255.csv,13,success,8.686607599258423,,0.004310862980489731,0.496919061383365,0.004814359521423405,0.4969121151981676,0.008622578011430392,0.3299047619047619,0.005652911249293379,0.008637285401999421,0.74916411251044,MITDB
KNN,027_MITDB_id_9_Medical_tr_25000_1st_52255.csv,1337,success,8.56008505821228,,0.004310862980489731,0.496919061383365,0.004814359521423405,0.4969121151981676,0.008622578011430392,0.3299047619047619,0.005652911249293379,0.008637285401999421,0.74916411251044,MITDB
KNN,027_MITDB_id_9_Medical_tr_25000_1st_52255.csv,17,success,8.701246976852417,,0.004310862980489731,0.496919061383365,0.004814359521423405,0.4969121151981676,0.008622578011430392,0.3299047619047619,0.005652911249293379,0.008637285401999421,0.74916411251044,MITDB
KNN,027_MITDB_id_9_Medical_tr_25000_1st_52255.csv,2024,success,8.62911581993103,,0.004310862980489731,0.496919061383365,0.004814359521423405,0.4969121151981676,0.008622578011430392,0.3299047619047619,0.005652911249293379,0.008637285401999421,0.74916411251044,MITDB
KNN,027_MITDB_id_9_Medical_tr_25000_1st_52255.csv,42,success,8.702034711837769,,0.004310862980489731,0.496919061383365,0.004814359521423405,0.4969121151981676,0.008622578011430392,0.3299047619047619,0.005652911249293379,0.008637285401999421,0.74916411251044,MITDB
KNN,078_SMD_id_22_Facility_tr_500_1st_326.csv,13,success,1.1151223182678223,,0.13302362231713843,0.7010145184624342,0.12869051443723784,0.7068668201361905,0.2087526594997856,0.9330708661417323,0.5554484088717448,0.28870440077762227,0.9123170042858794,SMD
KNN,078_SMD_id_22_Facility_tr_500_1st_326.csv,1337,success,1.0835175514221191,,0.13302362231713843,0.7010145184624342,0.12869051443723784,0.7068668201361905,0.2087526594997856,0.9330708661417323,0.5554484088717448,0.28870440077762227,0.9123170042858794,SMD
KNN,078_SMD_id_22_Facility_tr_500_1st_326.csv,17,success,1.0805680751800537,,0.13302362231713843,0.7010145184624342,0.12869051443723784,0.7068668201361905,0.2087526594997856,0.9330708661417323,0.5554484088717448,0.28870440077762227,0.9123170042858794,SMD
KNN,078_SMD_id_22_Facility_tr_500_1st_326.csv,2024,success,1.0862858295440674,,0.13302362231713843,0.7010145184624342,0.12869051443723784,0.7068668201361905,0.2087526594997856,0.9330708661417323,0.5554484088717448,0.28870440077762227,0.9123170042858794,SMD
KNN,078_SMD_id_22_Facility_tr_500_1st_326.csv,42,success,1.0811128616333008,,0.13302362231713843,0.7010145184624342,0.12869051443723784,0.7068668201361905,0.2087526594997856,0.9330708661417323,0.5554484088717448,0.28870440077762227,0.9123170042858794,SMD
KNN,115_PSM_id_1_Facility_tr_50000_1st_129872.csv,13,success,56.64457035064697,,0.10688270329916327,0.44208986737257866,0.12123317098499979,0.4880602715833637,0.20148989281062654,0.9089154766499421,0.45750899280575497,0.3154888452023886,0.8165366633004756,PSM
KNN,115_PSM_id_1_Facility_tr_50000_1st_129872.csv,1337,success,56.68420934677124,,0.10688270329916327,0.44208986737257866,0.12123317098499979,0.4880602715833637,0.20148989281062654,0.9089154766499421,0.45750899280575497,0.3154888452023886,0.8165366633004756,PSM
KNN,115_PSM_id_1_Facility_tr_50000_1st_129872.csv,17,success,56.74236583709717,,0.10688270329916327,0.44208986737257866,0.12123317098499979,0.4880602715833637,0.20148989281062654,0.9089154766499421,0.45750899280575497,0.3154888452023886,0.8165366633004756,PSM
KNN,115_PSM_id_1_Facility_tr_50000_1st_129872.csv,2024,success,56.67711877822876,,0.10688270329916327,0.44208986737257866,0.12123317098499979,0.4880602715833637,0.20148989281062654,0.9089154766499421,0.45750899280575497,0.3154888452023886,0.8165366633004756,PSM
KNN,115_PSM_id_1_Facility_tr_50000_1st_129872.csv,42,success,56.42154812812805,,0.10688270329916327,0.44208986737257866,0.12123317098499979,0.4880602715833637,0.20148989281062654,0.9089154766499421,0.45750899280575497,0.3154888452023886,0.8165366633004756,PSM
KNN,132_OPPORTUNITY_id_4_HumanActivity_tr_895_1st_995.csv,13,success,0.5562400817871094,,0.03610147160615779,0.4097295991653883,0.03658760496274773,0.41109905114835443,0.10943530412512158,0.39727891156462586,0.10611303344867347,0.18729121016164296,0.8147323050820859,OPPORTUNITY
KNN,132_OPPORTUNITY_id_4_HumanActivity_tr_895_1st_995.csv,1337,success,0.5558109283447266,,0.03610147160615779,0.4097295991653883,0.03658760496274773,0.41109905114835443,0.10943530412512158,0.39727891156462586,0.10611303344867347,0.18729121016164296,0.8147323050820859,OPPORTUNITY
KNN,132_OPPORTUNITY_id_4_HumanActivity_tr_895_1st_995.csv,17,success,0.5510878562927246,,0.03610147160615779,0.4097295991653883,0.03658760496274773,0.41109905114835443,0.10943530412512158,0.39727891156462586,0.10611303344867347,0.18729121016164296,0.8147323050820859,OPPORTUNITY
KNN,132_OPPORTUNITY_id_4_HumanActivity_tr_895_1st_995.csv,2024,success,0.5564091205596924,,0.03610147160615779,0.4097295991653883,0.03658760496274773,0.41109905114835443,0.10943530412512158,0.39727891156462586,0.10611303344867347,0.18729121016164296,0.8147323050820859,OPPORTUNITY
KNN,132_OPPORTUNITY_id_4_HumanActivity_tr_895_1st_995.csv,42,success,0.5551979541778564,,0.03610147160615779,0.4097295991653883,0.03658760496274773,0.41109905114835443,0.10943530412512158,0.39727891156462586,0.10611303344867347,0.18729121016164296,0.8147323050820859,OPPORTUNITY
KNN,139_CATSv2_id_2_Sensor_tr_5592_1st_5692.csv,13,success,39.730958223342896,,0.04275179130824446,0.5538762706684681,0.04688694491344652,0.571793000814189,0.08753896482637688,0.39603960396039606,0.10473450680189163,0.09950447642912415,0.6729221455766236,CATSv2
KNN,139_CATSv2_id_2_Sensor_tr_5592_1st_5692.csv,1337,success,39.515819787979126,,0.04275179130824446,0.5538762706684681,0.04688694491344652,0.571793000814189,0.08753896482637688,0.39603960396039606,0.10473450680189163,0.09950447642912415,0.6729221455766236,CATSv2
KNN,139_CATSv2_id_2_Sensor_tr_5592_1st_5692.csv,17,success,39.64860725402832,,0.04275179130824446,0.5538762706684681,0.04688694491344652,0.571793000814189,0.08753896482637688,0.39603960396039606,0.10473450680189163,0.09950447642912415,0.6729221455766236,CATSv2
KNN,139_CATSv2_id_2_Sensor_tr_5592_1st_5692.csv,2024,success,39.57849860191345,,0.04275179130824446,0.5538762706684681,0.04688694491344652,0.571793000814189,0.08753896482637688,0.39603960396039606,0.10473450680189163,0.09950447642912415,0.6729221455766236,CATSv2
KNN,139_CATSv2_id_2_Sensor_tr_5592_1st_5692.csv,42,success,39.72812080383301,,0.04275179130824446,0.5538762706684681,0.04688694491344652,0.571793000814189,0.08753896482637688,0.39603960396039606,0.10473450680189163,0.09950447642912415,0.6729221455766236,CATSv2
KNN,166_SMAP_id_23_Sensor_tr_1113_1st_1890.csv,13,success,0.03661012649536133,,0.6342643381500093,0.8169791920040688,0.4927597163815843,0.7440783033794017,0.7575710514525591,1.0,0.9999999999999996,0.4870848708487085,0.9998178478934036,SMAP
KNN,166_SMAP_id_23_Sensor_tr_1113_1st_1890.csv,1337,success,0.036139488220214844,,0.6342643381500093,0.8169791920040688,0.4927597163815843,0.7440783033794017,0.7575710514525591,1.0,0.9999999999999996,0.4870848708487085,0.9998178478934036,SMAP
KNN,166_SMAP_id_23_Sensor_tr_1113_1st_1890.csv,17,success,0.036535024642944336,,0.6342643381500093,0.8169791920040688,0.4927597163815843,0.7440783033794017,0.7575710514525591,1.0,0.9999999999999996,0.4870848708487085,0.9998178478934036,SMAP
KNN,166_SMAP_id_23_Sensor_tr_1113_1st_1890.csv,2024,success,0.036511898040771484,,0.6342643381500093,0.8169791920040688,0.4927597163815843,0.7440783033794017,0.7575710514525591,1.0,0.9999999999999996,0.4870848708487085,0.9998178478934036,SMAP
KNN,166_SMAP_id_23_Sensor_tr_1113_1st_1890.csv,42,success,0.03661847114562988,,0.6342643381500093,0.8169791920040688,0.4927597163815843,0.7440783033794017,0.7575710514525591,1.0,0.9999999999999996,0.4870848708487085,0.9998178478934036,SMAP
KNN,171_SWaT_id_1_Sensor_tr_3749_1st_9522.csv,13,success,0.5482649803161621,,0.11754449317522399,0.4113473406853354,0.13810368923016436,0.45609002707623697,0.23461104192119878,0.5624344176285414,0.3100775193798445,0.27202766977925924,0.7163018926363438,SWaT
KNN,171_SWaT_id_1_Sensor_tr_3749_1st_9522.csv,1337,success,0.5462615489959717,,0.11754449317522399,0.4113473406853354,0.13810368923016436,0.45609002707623697,0.23461104192119878,0.5624344176285414,0.3100775193798445,0.27202766977925924,0.7163018926363438,SWaT
KNN,171_SWaT_id_1_Sensor_tr_3749_1st_9522.csv,17,success,0.5446174144744873,,0.11754449317522399,0.4113473406853354,0.13810368923016436,0.45609002707623697,0.23461104192119878,0.5624344176285414,0.3100775193798445,0.27202766977925924,0.7163018926363438,SWaT
KNN,171_SWaT_id_1_Sensor_tr_3749_1st_9522.csv,2024,success,0.5452589988708496,,0.11754449317522399,0.4113473406853354,0.13810368923016436,0.45609002707623697,0.23461104192119878,0.5624344176285414,0.3100775193798445,0.27202766977925924,0.7163018926363438,SWaT
KNN,171_SWaT_id_1_Sensor_tr_3749_1st_9522.csv,42,success,0.5471832752227783,,0.11754449317522399,0.4113473406853354,0.13810368923016436,0.45609002707623697,0.23461104192119878,0.5624344176285414,0.3100775193798445,0.27202766977925924,0.7163018926363438,SWaT
KNN,173_GECCO_id_1_Sensor_tr_16165_1st_16265.csv,13,success,3.0189311504364014,,0.18370327777894427,0.8331713574333324,0.10953607450885525,0.8621435142840429,0.2628357481918051,0.573976489663559,0.25392907698450107,0.08727620124905935,0.6686975293089031,GECCO
KNN,173_GECCO_id_1_Sensor_tr_16165_1st_16265.csv,1337,success,3.0151660442352295,,0.18370327777894427,0.8331713574333324,0.10953607450885525,0.8621435142840429,0.2628357481918051,0.573976489663559,0.25392907698450107,0.08727620124905935,0.6686975293089031,GECCO
KNN,173_GECCO_id_1_Sensor_tr_16165_1st_16265.csv,17,success,3.017714738845825,,0.18370327777894427,0.8331713574333324,0.10953607450885525,0.8621435142840429,0.2628357481918051,0.573976489663559,0.25392907698450107,0.08727620124905935,0.6686975293089031,GECCO
KNN,173_GECCO_id_1_Sensor_tr_16165_1st_16265.csv,2024,success,3.019209146499634,,0.18370327777894427,0.8331713574333324,0.10953607450885525,0.8621435142840429,0.2628357481918051,0.573976489663559,0.25392907698450107,0.08727620124905935,0.6686975293089031,GECCO
KNN,173_GECCO_id_1_Sensor_tr_16165_1st_16265.csv,42,success,3.020853042602539,,0.18370327777894427,0.8331713574333324,0.10953607450885525,0.8621435142840429,0.2628357481918051,0.573976489663559,0.25392907698450107,0.08727620124905935,0.6686975293089031,GECCO
KNN,187_Exathlon_id_14_Facility_tr_6193_1st_6293.csv,13,success,2.4217922687530518,,0.6282128728832561,0.840319706066069,0.6416831387315485,0.8554127493598713,0.6098697643279622,0.9087844165574077,0.7999999999999995,0.2829121386685786,0.7403084530141154,Exathlon
KNN,187_Exathlon_id_14_Facility_tr_6193_1st_6293.csv,1337,success,2.3814597129821777,,0.6282128728832561,0.840319706066069,0.6416831387315485,0.8554127493598713,0.6098697643279622,0.9087844165574077,0.7999999999999995,0.2829121386685786,0.7403084530141154,Exathlon
KNN,187_Exathlon_id_14_Facility_tr_6193_1st_6293.csv,17,success,2.41489315032959,,0.6282128728832561,0.840319706066069,0.6416831387315485,0.8554127493598713,0.6098697643279622,0.9087844165574077,0.7999999999999995,0.2829121386685786,0.7403084530141154,Exathlon
KNN,187_Exathlon_id_14_Facility_tr_6193_1st_6293.csv,2024,success,2.4084110260009766,,0.6282128728832561,0.840319706066069,0.6416831387315485,0.8554127493598713,0.6098697643279622,0.9087844165574077,0.7999999999999995,0.2829121386685786,0.7403084530141154,Exathlon
KNN,187_Exathlon_id_14_Facility_tr_6193_1st_6293.csv,42,success,2.4069395065307617,,0.6282128728832561,0.840319706066069,0.6416831387315485,0.8554127493598713,0.6098697643279622,0.9087844165574077,0.7999999999999995,0.2829121386685786,0.7403084530141154,Exathlon
LOF,002_MSL_id_1_Sensor_tr_500_1st_900.csv,13,success,0.012612581253051758,,0.2771060357267254,0.6245494593512214,0.17862445448367992,0.6374027500683449,0.42856806125094726,1.0,0.9999999999999996,0.5897435897435898,0.9991533864541826,MSL
LOF,002_MSL_id_1_Sensor_tr_500_1st_900.csv,1337,success,0.012317419052124023,,0.2771060357267254,0.6245494593512214,0.17862445448367992,0.6374027500683449,0.42856806125094726,1.0,0.9999999999999996,0.5897435897435898,0.9991533864541826,MSL
LOF,002_MSL_id_1_Sensor_tr_500_1st_900.csv,17,success,0.012375116348266602,,0.2771060357267254,0.6245494593512214,0.17862445448367992,0.6374027500683449,0.42856806125094726,1.0,0.9999999999999996,0.5897435897435898,0.9991533864541826,MSL
LOF,002_MSL_id_1_Sensor_tr_500_1st_900.csv,2024,success,0.012274742126464844,,0.2771060357267254,0.6245494593512214,0.17862445448367992,0.6374027500683449,0.42856806125094726,1.0,0.9999999999999996,0.5897435897435898,0.9991533864541826,MSL
LOF,002_MSL_id_1_Sensor_tr_500_1st_900.csv,42,success,0.012410163879394531,,0.2771060357267254,0.6245494593512214,0.17862445448367992,0.6374027500683449,0.42856806125094726,1.0,0.9999999999999996,0.5897435897435898,0.9991533864541826,MSL
LOF,027_MITDB_id_9_Medical_tr_25000_1st_52255.csv,13,success,8.516383647918701,,0.004324551676507972,0.49977056543980936,0.004837084764831212,0.4989762228421331,0.008647116043537935,0.008622749721204397,0.008622749721204389,0.00572195022035455,0.7490299482227369,MITDB
LOF,027_MITDB_id_9_Medical_tr_25000_1st_52255.csv,1337,success,8.55172324180603,,0.004324551676507972,0.49977056543980936,0.004837084764831212,0.4989762228421331,0.008647116043537935,0.008622749721204397,0.008622749721204389,0.00572195022035455,0.7490299482227369,MITDB
LOF,027_MITDB_id_9_Medical_tr_25000_1st_52255.csv,17,success,8.517310857772827,,0.004324551676507972,0.49977056543980936,0.004837084764831212,0.4989762228421331,0.008647116043537935,0.008622749721204397,0.008622749721204389,0.00572195022035455,0.7490299482227369,MITDB
LOF,027_MITDB_id_9_Medical_tr_25000_1st_52255.csv,2024,success,8.528541326522827,,0.004324551676507972,0.49977056543980936,0.004837084764831212,0.4989762228421331,0.008647116043537935,0.008622749721204397,0.008622749721204389,0.00572195022035455,0.7490299482227369,MITDB
LOF,027_MITDB_id_9_Medical_tr_25000_1st_52255.csv,42,success,8.531198263168335,,0.004324551676507972,0.49977056543980936,0.004837084764831212,0.4989762228421331,0.008647116043537935,0.008622749721204397,0.008622749721204389,0.00572195022035455,0.7490299482227369,MITDB
LOF,078_SMD_id_22_Facility_tr_500_1st_326.csv,13,success,1.0763463973999023,,0.21049344294471897,0.667160206157966,0.20970585083919507,0.6746855871734965,0.28062741713666794,0.9729216152019002,0.7555898226676941,0.32409428179395766,0.8893314104034564,SMD
LOF,078_SMD_id_22_Facility_tr_500_1st_326.csv,1337,success,1.046510934829712,,0.21049344294471897,0.667160206157966,0.20970585083919507,0.6746855871734965,0.28062741713666794,0.9729216152019002,0.7555898226676941,0.32409428179395766,0.8893314104034564,SMD
LOF,078_SMD_id_22_Facility_tr_500_1st_326.csv,17,success,1.0355370044708252,,0.21049344294471897,0.667160206157966,0.20970585083919507,0.6746855871734965,0.28062741713666794,0.9729216152019002,0.7555898226676941,0.32409428179395766,0.8893314104034564,SMD
LOF,078_SMD_id_22_Facility_tr_500_1st_326.csv,2024,success,1.0451037883758545,,0.21049344294471897,0.667160206157966,0.20970585083919507,0.6746855871734965,0.28062741713666794,0.9729216152019002,0.7555898226676941,0.32409428179395766,0.8893314104034564,SMD
LOF,078_SMD_id_22_Facility_tr_500_1st_326.csv,42,success,1.0341858863830566,,0.21049344294471897,0.667160206157966,0.20970585083919507,0.6746855871734965,0.28062741713666794,0.9729216152019002,0.7555898226676941,0.32409428179395766,0.8893314104034564,SMD
LOF,115_PSM_id_1_Facility_tr_50000_1st_129872.csv,13,success,56.41706681251526,,0.13185034947583604,0.5202877298195131,0.15036554407044153,0.5677626106007377,0.20151250018258712,0.9537679722359941,0.5409071113046718,0.34967601073066434,0.8072939914926641,PSM
LOF,115_PSM_id_1_Facility_tr_50000_1st_129872.csv,1337,success,56.327893018722534,,0.13185034947583604,0.5202877298195131,0.15036554407044153,0.5677626106007377,0.20151250018258712,0.9537679722359941,0.5409071113046718,0.34967601073066434,0.8072939914926641,PSM
LOF,115_PSM_id_1_Facility_tr_50000_1st_129872.csv,17,success,56.50296473503113,,0.13185034947583604,0.5202877298195131,0.15036554407044153,0.5677626106007377,0.20151250018258712,0.9537679722359941,0.5409071113046718,0.34967601073066434,0.8072939914926641,PSM
LOF,115_PSM_id_1_Facility_tr_50000_1st_129872.csv,2024,success,56.4726448059082,,0.13185034947583604,0.5202877298195131,0.15036554407044153,0.5677626106007377,0.20151250018258712,0.9537679722359941,0.5409071113046718,0.34967601073066434,0.8072939914926641,PSM
LOF,115_PSM_id_1_Facility_tr_50000_1st_129872.csv,42,success,56.426342248916626,,0.13185034947583604,0.5202877298195131,0.15036554407044153,0.5677626106007377,0.20151250018258712,0.9537679722359941,0.5409071113046718,0.34967601073066434,0.8072939914926641,PSM
LOF,132_OPPORTUNITY_id_4_HumanActivity_tr_895_1st_995.csv,13,success,0.4169321060180664,,0.05297548713401129,0.5273242831409974,0.05361766643988904,0.5292292949726427,0.13566249021064414,0.780053428317008,0.14549288350026343,0.2033595719315274,0.9104901824035593,OPPORTUNITY
LOF,132_OPPORTUNITY_id_4_HumanActivity_tr_895_1st_995.csv,1337,success,0.4170534610748291,,0.05297548713401129,0.5273242831409974,0.05361766643988904,0.5292292949726427,0.13566249021064414,0.780053428317008,0.14549288350026343,0.2033595719315274,0.9104901824035593,OPPORTUNITY
LOF,132_OPPORTUNITY_id_4_HumanActivity_tr_895_1st_995.csv,17,success,0.416628360748291,,0.05297548713401129,0.5273242831409974,0.05361766643988904,0.5292292949726427,0.13566249021064414,0.780053428317008,0.14549288350026343,0.2033595719315274,0.9104901824035593,OPPORTUNITY
LOF,132_OPPORTUNITY_id_4_HumanActivity_tr_895_1st_995.csv,2024,success,0.41664886474609375,,0.05297548713401129,0.5273242831409974,0.05361766643988904,0.5292292949726427,0.13566249021064414,0.780053428317008,0.14549288350026343,0.2033595719315274,0.9104901824035593,OPPORTUNITY
LOF,132_OPPORTUNITY_id_4_HumanActivity_tr_895_1st_995.csv,42,success,0.416064977645874,,0.05297548713401129,0.5273242831409974,0.05361766643988904,0.5292292949726427,0.13566249021064414,0.780053428317008,0.14549288350026343,0.2033595719315274,0.9104901824035593,OPPORTUNITY
LOF,139_CATSv2_id_2_Sensor_tr_5592_1st_5692.csv,13,success,39.50807237625122,,0.06322506026364376,0.5508934037830535,0.06174808928529124,0.5820791801195838,0.10548230440534696,0.8058116110127587,0.3948635634028888,0.13231823184519667,0.7087261071460298,CATSv2
LOF,139_CATSv2_id_2_Sensor_tr_5592_1st_5692.csv,1337,success,39.570064544677734,,0.06322506026364376,0.5508934037830535,0.06174808928529124,0.5820791801195838,0.10548230440534696,0.8058116110127587,0.3948635634028888,0.13231823184519667,0.7087261071460298,CATSv2
LOF,139_CATSv2_id_2_Sensor_tr_5592_1st_5692.csv,17,success,39.49716138839722,,0.06322506026364376,0.5508934037830535,0.06174808928529124,0.5820791801195838,0.10548230440534696,0.8058116110127587,0.3948635634028888,0.13231823184519667,0.7087261071460298,CATSv2
LOF,139_CATSv2_id_2_Sensor_tr_5592_1st_5692.csv,2024,success,39.53030180931091,,0.06322506026364376,0.5508934037830535,0.06174808928529124,0.5820791801195838,0.10548230440534696,0.8058116110127587,0.3948635634028888,0.13231823184519667,0.7087261071460298,CATSv2
LOF,139_CATSv2_id_2_Sensor_tr_5592_1st_5692.csv,42,success,39.55816149711609,,0.06322506026364376,0.5508934037830535,0.06174808928529124,0.5820791801195838,0.10548230440534696,0.8058116110127587,0.3948635634028888,0.13231823184519667,0.7087261071460298,CATSv2
LOF,166_SMAP_id_23_Sensor_tr_1113_1st_1890.csv,13,success,0.032253265380859375,,0.6342628245505451,0.8168548083939589,0.6135295169434032,0.8049235694678866,0.7575710514525591,1.0,0.9999999999999996,0.4870848708487085,0.9998178478934036,SMAP
LOF,166_SMAP_id_23_Sensor_tr_1113_1st_1890.csv,1337,success,0.03229188919067383,,0.6342628245505451,0.8168548083939589,0.6135295169434032,0.8049235694678866,0.7575710514525591,1.0,0.9999999999999996,0.4870848708487085,0.9998178478934036,SMAP
LOF,166_SMAP_id_23_Sensor_tr_1113_1st_1890.csv,17,success,0.032532453536987305,,0.6342628245505451,0.8168548083939589,0.6135295169434032,0.8049235694678866,0.7575710514525591,1.0,0.9999999999999996,0.4870848708487085,0.9998178478934036,SMAP
LOF,166_SMAP_id_23_Sensor_tr_1113_1st_1890.csv,2024,success,0.03206658363342285,,0.6342628245505451,0.8168548083939589,0.6135295169434032,0.8049235694678866,0.7575710514525591,1.0,0.9999999999999996,0.4870848708487085,0.9998178478934036,SMAP
LOF,166_SMAP_id_23_Sensor_tr_1113_1st_1890.csv,42,success,0.0319669246673584,,0.6342628245505451,0.8168548083939589,0.6135295169434032,0.8049235694678866,0.7575710514525591,1.0,0.9999999999999996,0.4870848708487085,0.9998178478934036,SMAP
LOF,171_SWaT_id_1_Sensor_tr_3749_1st_9522.csv,13,success,0.49298524856567383,,0.14556403103415314,0.4992348050496442,0.1639809671818208,0.5601102078784232,0.23389264665285056,0.8303886925795053,0.2890276538804636,0.2158185983717533,0.7161825934918723,SWaT
LOF,171_SWaT_id_1_Sensor_tr_3749_1st_9522.csv,1337,success,0.49233388900756836,,0.14556403103415314,0.4992348050496442,0.1639809671818208,0.5601102078784232,0.23389264665285056,0.8303886925795053,0.2890276538804636,0.2158185983717533,0.7161825934918723,SWaT
LOF,171_SWaT_id_1_Sensor_tr_3749_1st_9522.csv,17,success,0.49187779426574707,,0.14556403103415314,0.4992348050496442,0.1639809671818208,0.5601102078784232,0.23389264665285056,0.8303886925795053,0.2890276538804636,0.2158185983717533,0.7161825934918723,SWaT
LOF,171_SWaT_id_1_Sensor_tr_3749_1st_9522.csv,2024,success,0.4922361373901367,,0.14556403103415314,0.4992348050496442,0.1639809671818208,0.5601102078784232,0.23389264665285056,0.8303886925795053,0.2890276538804636,0.2158185983717533,0.7161825934918723,SWaT
LOF,171_SWaT_id_1_Sensor_tr_3749_1st_9522.csv,42,success,0.4927241802215576,,0.14556403103415314,0.4992348050496442,0.1639809671818208,0.5601102078784232,0.23389264665285056,0.8303886925795053,0.2890276538804636,0.2158185983717533,0.7161825934918723,SWaT
LOF,173_GECCO_id_1_Sensor_tr_16165_1st_16265.csv,13,success,3.1852242946624756,,0.16875006294188025,0.7605640647674325,0.12990384336282335,0.8553362410989273,0.2576637808842087,0.599009900990099,0.3237221494102223,0.11675225801417813,0.7471801045995784,GECCO
LOF,173_GECCO_id_1_Sensor_tr_16165_1st_16265.csv,1337,success,3.183168411254883,,0.16875006294188025,0.7605640647674325,0.12990384336282335,0.8553362410989273,0.2576637808842087,0.599009900990099,0.3237221494102223,0.11675225801417813,0.7471801045995784,GECCO
LOF,173_GECCO_id_1_Sensor_tr_16165_1st_16265.csv,17,success,3.184079647064209,,0.16875006294188025,0.7605640647674325,0.12990384336282335,0.8553362410989273,0.2576637808842087,0.599009900990099,0.3237221494102223,0.11675225801417813,0.7471801045995784,GECCO
LOF,173_GECCO_id_1_Sensor_tr_16165_1st_16265.csv,2024,success,3.1894571781158447,,0.16875006294188025,0.7605640647674325,0.12990384336282335,0.8553362410989273,0.2576637808842087,0.599009900990099,0.3237221494102223,0.11675225801417813,0.7471801045995784,GECCO
LOF,173_GECCO_id_1_Sensor_tr_16165_1st_16265.csv,42,success,3.1838204860687256,,0.16875006294188025,0.7605640647674325,0.12990384336282335,0.8553362410989273,0.2576637808842087,0.599009900990099,0.3237221494102223,0.11675225801417813,0.7471801045995784,GECCO
LOF,187_Exathlon_id_14_Facility_tr_6193_1st_6293.csv,13,success,2.3490123748779297,,0.17384934938215665,0.5404654706765254,0.18485529098686537,0.5634821779758953,0.22226284214237443,0.2217013491882003,0.2217013491882001,0.12009203225698,0.6738923660801199,Exathlon
LOF,187_Exathlon_id_14_Facility_tr_6193_1st_6293.csv,1337,success,2.3450329303741455,,0.17384934938215665,0.5404654706765254,0.18485529098686537,0.5634821779758953,0.22226284214237443,0.2217013491882003,0.2217013491882001,0.12009203225698,0.6738923660801199,Exathlon
LOF,187_Exathlon_id_14_Facility_tr_6193_1st_6293.csv,17,success,2.5553767681121826,,0.17384934938215665,0.5404654706765254,0.18485529098686537,0.5634821779758953,0.22226284214237443,0.2217013491882003,0.2217013491882001,0.12009203225698,0.6738923660801199,Exathlon
LOF,187_Exathlon_id_14_Facility_tr_6193_1st_6293.csv,2024,success,2.338686227798462,,0.17384934938215665,0.5404654706765254,0.18485529098686537,0.5634821779758953,0.22226284214237443,0.2217013491882003,0.2217013491882001,0.12009203225698,0.6738923660801199,Exathlon
LOF,187_Exathlon_id_14_Facility_tr_6193_1st_6293.csv,42,success,2.3474748134613037,,0.17384934938215665,0.5404654706765254,0.18485529098686537,0.5634821779758953,0.22226284214237443,0.2217013491882003,0.2217013491882001,0.12009203225698,0.6738923660801199,Exathlon
LSTMAD,002_MSL_id_1_Sensor_tr_500_1st_900.csv,13,error,,,,,,,,,,,,MSL
LSTMAD,002_MSL_id_1_Sensor_tr_500_1st_900.csv,1337,error,,,,,,,,,,,,MSL
LSTMAD,002_MSL_id_1_Sensor_tr_500_1st_900.csv,17,error,,,,,,,,,,,,MSL
LSTMAD,002_MSL_id_1_Sensor_tr_500_1st_900.csv,2024,error,,,,,,,,,,,,MSL
LSTMAD,002_MSL_id_1_Sensor_tr_500_1st_900.csv,42,error,,,,,,,,,,,,MSL
LSTMAD,027_MITDB_id_9_Medical_tr_25000_1st_52255.csv,13,success,20.451156616210938,,0.0761526939407513,0.6820983588731355,0.032238322737409564,0.7104529948986049,0.12284514345654754,1.0,0.9999999999999996,0.3660377358490566,0.9989799073536247,MITDB
LSTMAD,027_MITDB_id_9_Medical_tr_25000_1st_52255.csv,1337,success,22.751970529556274,,0.07446525004149952,0.6939150911437286,0.031317287145588096,0.7203769241865512,0.11169724277955503,1.0,0.9999999999999996,0.37340345604808417,0.9989933410054824,MITDB
LSTMAD,027_MITDB_id_9_Medical_tr_25000_1st_52255.csv,17,success,31.85591149330139,,0.06799420359061838,0.6728698544141862,0.028469945083144665,0.7007712299826009,0.11510321654694088,1.0,0.9999999999999996,0.3586050037907506,0.998965154219763,MITDB
LSTMAD,027_MITDB_id_9_Medical_tr_25000_1st_52255.csv,2024,success,19.746772289276123,,0.0657242970352962,0.6853327796193545,0.026341730083568642,0.7141474843360565,0.09401571017085505,1.0,0.9999999999999996,0.36356764928193497,0.9989751516850289,MITDB
LSTMAD,027_MITDB_id_9_Medical_tr_25000_1st_52255.csv,42,success,19.088441610336304,,0.08335045275071087,0.6812423196598315,0.02640908768697412,0.7089240528971328,0.12552130698558814,1.0,0.9999999999999996,0.35110434120335116,0.9990284449877991,MITDB
LSTMAD,078_SMD_id_22_Facility_tr_500_1st_326.csv,13,error,,,,,,,,,,,,SMD
LSTMAD,078_SMD_id_22_Facility_tr_500_1st_326.csv,1337,error,,,,,,,,,,,,SMD
LSTMAD,078_SMD_id_22_Facility_tr_500_1st_326.csv,17,error,,,,,,,,,,,,SMD
LSTMAD,078_SMD_id_22_Facility_tr_500_1st_326.csv,2024,error,,,,,,,,,,,,SMD
LSTMAD,078_SMD_id_22_Facility_tr_500_1st_326.csv,42,error,,,,,,,,,,,,SMD
LSTMAD,115_PSM_id_1_Facility_tr_50000_1st_129872.csv,13,success,87.42280149459839,,0.3526435693667205,0.8114213376968865,0.367146864725002,0.8270089249729884,0.41420400023589327,0.87376448632583,0.4104002039255667,0.2891421512777302,0.6942863708020037,PSM
LSTMAD,115_PSM_id_1_Facility_tr_50000_1st_129872.csv,1337,success,77.31516551971436,,0.39842528079438194,0.8322060369698546,0.41249459080525136,0.8467068795373949,0.46049044330104866,0.87376448632583,0.40612827836925425,0.2869441562982291,0.6942863532698198,PSM
LSTMAD,115_PSM_id_1_Facility_tr_50000_1st_129872.csv,17,success,85.65206170082092,,0.3732586339437287,0.818448158785005,0.3882313839216257,0.8334273913418374,0.42702911645012204,0.8737443553589531,0.40856844305120116,0.28819713331743113,0.694286379356035,PSM
LSTMAD,115_PSM_id_1_Facility_tr_50000_1st_129872.csv,2024,success,86.84023261070251,,0.32514153645580607,0.7947342782009718,0.34225164342182196,0.8125645854943608,0.38154576831801174,0.8737443553589531,0.40856844305120116,0.28819713331743113,0.6942863745516218,PSM
LSTMAD,115_PSM_id_1_Facility_tr_50000_1st_129872.csv,42,success,69.48279309272766,,0.3673613597848654,0.8237839318567415,0.3844789645874093,0.8399611465681007,0.42640977996744217,0.8738047510426027,0.4104002039255667,0.2891421512777302,0.6942863815296567,PSM
LSTMAD,132_OPPORTUNITY_id_4_HumanActivity_tr_895_1st_995.csv,13,success,2.0112040042877197,,0.2493638044345051,0.9346669647422802,0.2582706456589433,0.9346524628776706,0.5395931645200177,0.7590987868284229,0.48977272727272686,0.20746994219303536,0.714209128739445,OPPORTUNITY
LSTMAD,132_OPPORTUNITY_id_4_HumanActivity_tr_895_1st_995.csv,1337,success,2.207340955734253,,0.25533133355259563,0.93685036861161,0.26470280793916134,0.9368818734459511,0.5475346104443704,0.7584415584415585,0.49319727891156423,0.23781883712524032,0.714209128739445,OPPORTUNITY
LSTMAD,132_OPPORTUNITY_id_4_HumanActivity_tr_895_1st_995.csv,17,success,1.8757500648498535,,0.24592817911202905,0.9334132484331757,0.2549413412526595,0.9334559752178201,0.5348483992515939,0.7597571552471812,0.4883852691218126,0.2049861340023513,0.714209128739445,OPPORTUNITY
LSTMAD,132_OPPORTUNITY_id_4_HumanActivity_tr_895_1st_995.csv,2024,success,2.937750816345215,,0.2535344429021706,0.9362215832440391,0.2627889532470012,0.9362022521050257,0.5462742546693544,0.7643979057591623,0.49685174585002817,0.21858228912608438,0.714209128739445,OPPORTUNITY
LSTMAD,132_OPPORTUNITY_id_4_HumanActivity_tr_895_1st_995.csv,42,success,2.24517560005188,,0.24592305751510246,0.9333839547952913,0.2549730498475189,0.9334118071119754,0.5356159439124456,0.7577854671280276,0.49176604202157825,0.19745423447916505,0.714209128739445,OPPORTUNITY
LSTMAD,139_CATSv2_id_2_Sensor_tr_5592_1st_5692.csv,13,success,13.804059982299805,,0.0940315046127575,0.6970403119571511,0.09783311883717169,0.7244980899851388,0.1762366527570232,0.8774845443063218,0.5333333333333328,0.16003187354064954,0.7380898476930872,CATSv2
LSTMAD,139_CATSv2_id_2_Sensor_tr_5592_1st_5692.csv,1337,success,8.631804704666138,,0.10649312713415433,0.7094552756868043,0.111336409357864,0.7359296726806638,0.20087484897677246,0.9363030217052064,0.4567741935483866,0.1407954694524088,0.7414121778925744,CATSv2
LSTMAD,139_CATSv2_id_2_Sensor_tr_5592_1st_5692.csv,17,success,13.789039611816406,,0.08668199885029451,0.6618327563050892,0.09044596597726745,0.6878044187314792,0.175914812786604,0.882176034217737,0.4582043343653246,0.13267286714575516,0.7279280907496104,CATSv2
LSTMAD,139_CATSv2_id_2_Sensor_tr_5592_1st_5692.csv,2024,success,8.984036445617676,,0.10760792083348222,0.6883252420703854,0.10888563484664363,0.7138054771141589,0.22226193695980906,0.9273107986838169,0.4882943143812704,0.1328465375310706,0.742863064008443,CATSv2
LSTMAD,139_CATSv2_id_2_Sensor_tr_5592_1st_5692.csv,42,success,331.4500586986542,,0.0905009520855442,0.701453871517725,0.09413002012313874,0.7284586418507998,0.1752123088425993,0.9225608051439754,0.5070422535211262,0.15345187312581832,0.71642318812848,CATSv2
LSTMAD,166_SMAP_id_23_Sensor_tr_1113_1st_1890.csv,13,success,1.9072585105895996,,0.8337554721701063,0.9586134267960993,0.8356925470971842,0.9622719400096964,0.9066617102493173,1.0,0.9999999999999996,0.9153439153439153,0.9998630497184297,SMAP
LSTMAD,166_SMAP_id_23_Sensor_tr_1113_1st_1890.csv,1337,success,1.6903700828552246,,0.8337042876132184,0.9585940782345267,0.8356434677167904,0.9622719050758776,0.9066617102493173,1.0,0.9999999999999996,0.9142423091530575,0.9998548315086835,SMAP
LSTMAD,166_SMAP_id_23_Sensor_tr_1113_1st_1890.csv,17,success,1.7314295768737793,,0.8336026580080043,0.9581103641952105,0.8355460180492174,0.9619351569252531,0.9066617102493173,1.0,0.9999999999999996,0.9153439153439153,0.9998630497184297,SMAP
LSTMAD,166_SMAP_id_23_Sensor_tr_1113_1st_1890.csv,2024,success,1.6602709293365479,,0.8335892803372478,0.9581297127567829,0.8355331905904729,0.9618465481839885,0.9066617102493173,1.0,0.9999999999999996,0.9267015706806283,0.9998657890916656,SMAP
LSTMAD,166_SMAP_id_23_Sensor_tr_1113_1st_1890.csv,42,success,1.8898980617523193,,0.8336791307421582,0.9582071070030735,0.8356193455260484,0.9617757329993823,0.9066617102493173,1.0,0.9999999999999996,0.9037433155080214,0.9998548315086835,SMAP
LSTMAD,171_SWaT_id_1_Sensor_tr_3749_1st_9522.csv,13,success,2.237086296081543,,0.24678371779826058,0.7503318966818461,0.3035303775446085,0.783902293625899,0.42206842970569053,0.2685431723088627,0.3035230352303518,0.20249686701693612,0.7162974769146413,SWaT
LSTMAD,171_SWaT_id_1_Sensor_tr_3749_1st_9522.csv,1337,success,1.7439165115356445,,0.23019014329574095,0.7256851186592078,0.28386458466339987,0.7568445259272676,0.4155621470346316,0.2516934046345811,0.2857142857142854,0.2069163868819476,0.7162974221502779,SWaT
LSTMAD,171_SWaT_id_1_Sensor_tr_3749_1st_9522.csv,17,success,1.6261663436889648,,0.21005467760498853,0.6910690359031282,0.25343173070635233,0.7236305706145478,0.37429066136210226,0.2526843235504653,0.2857142857142854,0.19126298086752527,0.7162975432083379,SWaT
LSTMAD,171_SWaT_id_1_Sensor_tr_3749_1st_9522.csv,2024,success,1.9006094932556152,,0.24930871853373163,0.7498556381991387,0.31043010745281074,0.7787334781368882,0.4444750541479154,0.2685431723088627,0.3269689737470162,0.21977841020125063,0.7163854734266581,SWaT
LSTMAD,171_SWaT_id_1_Sensor_tr_3749_1st_9522.csv,42,success,2.0769989490509033,,0.25141199074954684,0.7481351009719845,0.30972937173344023,0.7877793150165521,0.4784972520830229,0.2685431723088627,0.288629737609329,0.19786020080844752,0.7162974221502779,SWaT
LSTMAD,173_GECCO_id_1_Sensor_tr_16165_1st_16265.csv,13,success,26.652769327163696,,0.48751932452792485,0.8966817814902382,0.3636453827083972,0.9504258615421395,0.58047602974163,0.6959603118355776,0.49351471053464047,0.2113908993207675,0.6687029017848859,GECCO
LSTMAD,173_GECCO_id_1_Sensor_tr_16165_1st_16265.csv,1337,success,19.939196586608887,,0.48185625300590995,0.8961771420277409,0.35960591859870783,0.9488574418891147,0.5760305287036764,0.6743350107836089,0.4514368650217703,0.18732866496137274,0.6687039102775563,GECCO
LSTMAD,173_GECCO_id_1_Sensor_tr_16165_1st_16265.csv,17,success,26.57242441177368,,0.48006071261586497,0.9006522095359937,0.35086096052852844,0.9507588932977901,0.577186405883467,0.6423034330011074,0.3869423145362188,0.14229092344681923,0.668702484444257,GECCO
LSTMAD,173_GECCO_id_1_Sensor_tr_16165_1st_16265.csv,2024,success,26.65870690345764,,0.4895605318515903,0.9060747707290264,0.36452003544224426,0.9537998365905712,0.5770733419419676,0.6077765194412986,0.31444139798007814,0.12096612665794686,0.6687028680587856,GECCO
LSTMAD,173_GECCO_id_1_Sensor_tr_16165_1st_16265.csv,42,success,26.504344701766968,,0.4958691146529958,0.9062137599897538,0.38556056609767786,0.9534443375318084,0.5808534392532346,0.676036036036036,0.4547391128488602,0.2020747681562312,0.6687023883759713,GECCO
LSTMAD,187_Exathlon_id_14_Facility_tr_6193_1st_6293.csv,13,success,9.099447965621948,,0.9820522398597187,0.9960951114114796,0.9868147580025524,0.9977596887801788,0.9541104669272628,0.9997422015983501,0.9993387701124085,0.3567472149360158,0.9990010872242135,Exathlon
LSTMAD,187_Exathlon_id_14_Facility_tr_6193_1st_6293.csv,1337,success,10.304914712905884,,0.9785569580748729,0.996474003095776,0.9823146855388277,0.9973741632897954,0.9413863050532408,0.9997422015983501,0.9994029850746263,0.34188812102465665,0.9987025206800105,Exathlon
LSTMAD,187_Exathlon_id_14_Facility_tr_6193_1st_6293.csv,17,success,10.36362910270691,,0.9748956835359822,0.9940501186926811,0.9797668193665512,0.9961736065034108,0.9446728728644599,0.9997422015983501,0.9993041057759215,0.3464282653710069,0.9990958933612022,Exathlon
LSTMAD,187_Exathlon_id_14_Facility_tr_6193_1st_6293.csv,2024,success,10.216089248657227,,0.9724252358918575,0.9938017157412179,0.9769815063694514,0.9959318601450696,0.9366862728142598,0.9997422015983501,0.9993818256748397,0.342832867176838,0.9988623691428885,Exathlon
LSTMAD,187_Exathlon_id_14_Facility_tr_6193_1st_6293.csv,42,success,10.482044458389282,,0.978787881635499,0.9950901730724988,0.9835504132433086,0.9968970542172061,0.9558318041381078,0.9997422015983501,0.9994879672299021,0.36227433967959966,0.9991341599077949,Exathlon
MTGFLOW,002_MSL_id_1_Sensor_tr_500_1st_900.csv,13,success,0.460205078125,,0.038002980625931444,0.8500951141369644,0.14620169999004592,0.9478559616195383,0.07662754511207258,0.08396946564885496,0.07692307692307684,0.046426945835229855,0.7325869866113454,MSL
MTGFLOW,002_MSL_id_1_Sensor_tr_500_1st_900.csv,1337,success,0.45984435081481934,,0.012718841442245696,0.5682569082899479,0.026985122556199306,0.7180516466810383,0.02528417580502098,0.02743142144638404,0.02499999999999997,0.0486873508353222,0.757365400788788,MSL
MTGFLOW,002_MSL_id_1_Sensor_tr_500_1st_900.csv,17,success,0.4618871212005615,,0.01196366748356479,0.5382208650380456,0.03605194818743512,0.7714042827884985,0.024067127454284434,0.026442307692307692,0.024096385542168648,0.027367856184598874,0.706402672098428,MSL
MTGFLOW,002_MSL_id_1_Sensor_tr_500_1st_900.csv,2024,success,0.45992279052734375,,0.029707792207792207,0.8070434521425711,0.06131606729457285,0.8905582254993936,0.060422318167492606,0.0625,0.057142857142857086,0.053939714436805924,0.7175430679797197,MSL
MTGFLOW,002_MSL_id_1_Sensor_tr_500_1st_900.csv,42,success,0.4625973701477051,,0.0159389167263183,0.6418452142571085,0.2396390087930803,0.8866130518862881,0.03273287064329583,0.03481012658227848,0.03174603174603171,0.027367856184598874,0.7089840232869307,MSL
MTGFLOW,027_MITDB_id_9_Medical_tr_25000_1st_52255.csv,13,success,1.8703606128692627,,0.009487734779527284,0.6747039275907637,0.010385576551210592,0.7180866174364711,0.037408433730786075,0.4616204690831556,0.04310344827586202,0.06080601893250284,0.8963844791430101,MITDB
MTGFLOW,027_MITDB_id_9_Medical_tr_25000_1st_52255.csv,1337,success,1.7819457054138184,,0.018303073565032937,0.7179486831560333,0.016778037207801622,0.7539661484471498,0.06998654506484048,0.8608349900596421,0.1904761904761903,0.20883002207505522,0.9002281911152646,MITDB
MTGFLOW,027_MITDB_id_9_Medical_tr_25000_1st_52255.csv,17,success,1.7684979438781738,,0.02194456496468106,0.7345192791020685,0.0199637102333485,0.7666276171449535,0.08394047742972244,0.8782961460446247,0.22222222222222202,0.21691331923890064,0.8987829826404302,MITDB
MTGFLOW,027_MITDB_id_9_Medical_tr_25000_1st_52255.csv,2024,success,1.9140946865081787,,0.06717416129535227,0.6745037536783696,0.04356439663047004,0.6949364804065422,0.14732641935665103,0.9885844748858448,0.7999999999999995,0.32152930115951117,0.9583876067089095,MITDB
MTGFLOW,027_MITDB_id_9_Medical_tr_25000_1st_52255.csv,42,success,1.7703778743743896,,0.018068563104961924,0.7049608059247582,0.017375446756127563,0.7484524693607754,0.07060428063604131,0.8440545808966862,0.1538461538461537,0.17275383491599708,0.8774503216190498,MITDB
MTGFLOW,078_SMD_id_22_Facility_tr_500_1st_326.csv,13,success,1.0350749492645264,,0.07173771579432875,0.6458028561520908,0.0591174357092031,0.3857121174367822,0.2226374581552511,0.24352773826458038,0.10386934781209063,0.17520918259653961,0.6751335665566036,SMD
MTGFLOW,078_SMD_id_22_Facility_tr_500_1st_326.csv,1337,success,0.489255428314209,,0.08589898209534834,0.6513329277722542,0.060243600775538655,0.3814149264355442,0.2867750820817301,0.28967851099830794,0.1142934342069707,0.11349797686654155,0.6701409398630878,SMD
MTGFLOW,078_SMD_id_22_Facility_tr_500_1st_326.csv,17,success,0.492525577545166,,0.08271394768923689,0.6519187475922974,0.06060188635030135,0.3874124282356406,0.2673094354161605,0.2848585690515807,0.11039828922747888,0.16991808737479416,0.6701098217121211,SMD
MTGFLOW,078_SMD_id_22_Facility_tr_500_1st_326.csv,2024,success,0.4969480037689209,,0.08529147507058979,0.6463452350495535,0.05946258659039032,0.375055324900878,0.2867750820817301,0.28967851099830794,0.1142934342069707,0.11349797686654155,0.6701898368724558,SMD
MTGFLOW,078_SMD_id_22_Facility_tr_500_1st_326.csv,42,success,0.4909372329711914,,0.06589727693450659,0.6390294462817565,0.059226314775037855,0.3974778484690345,0.20190555913909924,0.21698352344740177,0.10317277245370829,0.15748984119786574,0.675048160980947,SMD
MTGFLOW,115_PSM_id_1_Facility_tr_50000_1st_129872.csv,13,success,20.359981060028076,,0.169623607238928,0.6872400354792709,0.18969535663957102,0.6212929072034685,0.29220231673101177,0.5747731212399306,0.2916117572910098,0.2965098610092743,0.7485317876555265,PSM
MTGFLOW,115_PSM_id_1_Facility_tr_50000_1st_129872.csv,1337,success,20.35850214958191,,0.17869116430801935,0.7164067533323264,0.20027845324333174,0.6455141836531161,0.30763067580815434,0.589353686388569,0.3094310355693402,0.3289680453108877,0.7571418791422637,PSM
MTGFLOW,115_PSM_id_1_Facility_tr_50000_1st_129872.csv,17,success,20.364976406097412,,0.21107715942503355,0.7390218566465231,0.21339854440532904,0.6506266214452205,0.3201384195657761,0.6129164952694365,0.31183425329384923,0.32572138566600883,0.7244110431045006,PSM
MTGFLOW,115_PSM_id_1_Facility_tr_50000_1st_129872.csv,2024,success,20.55390691757202,,0.1825299856260978,0.7018628494994137,0.194826323818168,0.6237148352950441,0.291782124127753,0.5681707501385413,0.29008797048451657,0.35816079593187317,0.727613068759261,PSM
MTGFLOW,115_PSM_id_1_Facility_tr_50000_1st_129872.csv,42,success,20.549593448638916,,0.1778597114173391,0.7181167481392563,0.20005152996443618,0.6435435420486143,0.3096037506509158,0.5864085752939953,0.30395121846010764,0.30814283428038125,0.7473975576466708,PSM
MTGFLOW,132_OPPORTUNITY_id_4_HumanActivity_tr_895_1st_995.csv,13,error,,,,,,,,,,,,OPPORTUNITY
MTGFLOW,132_OPPORTUNITY_id_4_HumanActivity_tr_895_1st_995.csv,1337,error,,,,,,,,,,,,OPPORTUNITY
MTGFLOW,132_OPPORTUNITY_id_4_HumanActivity_tr_895_1st_995.csv,17,error,,,,,,,,,,,,OPPORTUNITY
MTGFLOW,132_OPPORTUNITY_id_4_HumanActivity_tr_895_1st_995.csv,2024,error,,,,,,,,,,,,OPPORTUNITY
MTGFLOW,132_OPPORTUNITY_id_4_HumanActivity_tr_895_1st_995.csv,42,error,,,,,,,,,,,,OPPORTUNITY
MTGFLOW,139_CATSv2_id_2_Sensor_tr_5592_1st_5692.csv,13,success,2.285013437271118,,0.05798288240340155,0.41525302386926594,0.031653223038337425,0.2853927657464518,0.06715100184790043,0.08695652173913043,0.18181818181818163,0.518086882833958,0.6833724657402843,CATSv2
MTGFLOW,139_CATSv2_id_2_Sensor_tr_5592_1st_5692.csv,1337,success,2.3459339141845703,,0.06637916672452816,0.41366025702888765,0.03280988927721671,0.28009826695086554,0.07417864189945693,0.08695652173913043,0.18181818181818163,0.3300477800842034,0.6813240344332323,CATSv2
MTGFLOW,139_CATSv2_id_2_Sensor_tr_5592_1st_5692.csv,17,success,2.2806622982025146,,0.06275259904968802,0.4137978591648974,0.03251313782269293,0.2807250779076156,0.06734927598064205,0.08695652173913043,0.18181818181818163,0.13664596273291926,0.6822118076790488,CATSv2
MTGFLOW,139_CATSv2_id_2_Sensor_tr_5592_1st_5692.csv,2024,success,2.2882189750671387,,0.06729144031323052,0.41572108827124754,0.032791368822543895,0.2829376631630303,0.07670337359744883,0.08695652173913043,0.18181818181818163,0.43912426384063075,0.6818683375733671,CATSv2
MTGFLOW,139_CATSv2_id_2_Sensor_tr_5592_1st_5692.csv,42,success,2.2860944271087646,,0.06262787928559937,0.41501468506723277,0.03274162758572649,0.2818994284579025,0.0677549099368135,0.06825938566552901,0.11111111111111062,0.5977161135421367,0.6840673106202958,CATSv2
MTGFLOW,166_SMAP_id_23_Sensor_tr_1113_1st_1890.csv,13,success,0.5142402648925781,,0.9506097560975609,0.9994775888375385,0.8751015406270402,0.9990704294587525,0.9010939500332416,1.0,0.9999999999999996,0.9010989010989011,0.9997233217822454,SMAP
MTGFLOW,166_SMAP_id_23_Sensor_tr_1113_1st_1890.csv,1337,success,0.5155882835388184,,0.9506097560975609,0.9994775888375383,0.8751015406270402,0.9990704294587525,0.9010939500332416,1.0,0.9999999999999996,0.9010989010989011,0.9997233217822454,SMAP
MTGFLOW,166_SMAP_id_23_Sensor_tr_1113_1st_1890.csv,17,success,0.5128524303436279,,0.8934668989547039,0.9983719567476727,0.8351101199960956,0.9980339863758809,0.8450655425792611,1.0,0.9999999999999996,0.8797814207650273,0.9997233217822454,SMAP
MTGFLOW,166_SMAP_id_23_Sensor_tr_1113_1st_1890.csv,2024,success,0.5134351253509521,,0.7545114338189812,0.8605549167459037,0.7188806653414307,0.869359577637384,0.8450655425792611,1.0,0.9999999999999996,0.8797814207650273,0.9997233217822454,SMAP
MTGFLOW,166_SMAP_id_23_Sensor_tr_1113_1st_1890.csv,42,success,0.5131402015686035,,0.9506097560975609,0.9994775888375385,0.8751015406270402,0.9990704294587525,0.9010939500332416,1.0,0.9999999999999996,0.9010989010989011,0.9997233217822454,SMAP
MTGFLOW,171_SWaT_id_1_Sensor_tr_3749_1st_9522.csv,13,success,3.7240843772888184,,0.3551026770397405,0.8645332082455746,0.4129805398797434,0.8656518333200008,0.5332723973359584,0.23403252415743578,0.2428940568475448,0.20969052267779797,0.7163643891693185,SWaT
MTGFLOW,171_SWaT_id_1_Sensor_tr_3749_1st_9522.csv,1337,success,3.687025785446167,,0.3803338981484863,0.8647522666350851,0.43637974071394614,0.8632409467005663,0.5524457966039062,0.23403252415743578,0.2428940568475448,0.20969052267779797,0.7163671296228701,SWaT
MTGFLOW,171_SWaT_id_1_Sensor_tr_3749_1st_9522.csv,17,success,3.7087807655334473,,0.35415612244620487,0.8624804066590653,0.41604320559597474,0.8654242858802632,0.5264891210923479,0.23403252415743578,0.2428940568475448,0.20969052267779797,0.7163557350286514,SWaT
MTGFLOW,171_SWaT_id_1_Sensor_tr_3749_1st_9522.csv,2024,success,3.6737701892852783,,0.37386957406103744,0.8600587664767902,0.43345381586170284,0.8671056589792686,0.5567421590592659,0.23403252415743578,0.2428940568475448,0.20969052267779797,0.7163630910556575,SWaT
MTGFLOW,171_SWaT_id_1_Sensor_tr_3749_1st_9522.csv,42,success,3.684605121612549,,0.36706574656965973,0.8670786976940041,0.42809798933678556,0.8674756021123478,0.5427704513092517,0.23403252415743578,0.2428940568475448,0.20969052267779797,0.7163590524630324,SWaT
MTGFLOW,173_GECCO_id_1_Sensor_tr_16165_1st_16265.csv,13,success,2.9993863105773926,,0.32340137938826896,0.7976680773054148,0.05980662272566305,0.6739845022036661,0.4389824801714341,0.552865213882163,0.14347406391302123,0.12094348408706453,0.6687514771004353,GECCO
MTGFLOW,173_GECCO_id_1_Sensor_tr_16165_1st_16265.csv,1337,success,2.9818637371063232,,0.3051110199019102,0.7533037675062239,0.053457326829881115,0.6085289956987637,0.42526518929126234,0.552865213882163,0.14347406391302123,0.12094348408706453,0.6686988912214854,GECCO
MTGFLOW,173_GECCO_id_1_Sensor_tr_16165_1st_16265.csv,17,success,2.9907729625701904,,0.32923366528795256,0.8011849399366402,0.06085985588258897,0.6827488166506893,0.45739452364151684,0.552865213882163,0.1435788865900013,0.12599380715339553,0.6686998457995733,GECCO
MTGFLOW,173_GECCO_id_1_Sensor_tr_16165_1st_16265.csv,2024,success,3.021378993988037,,0.26452823160822364,0.6912143446793899,0.04625574938084303,0.5227998565879881,0.40401946831258473,0.552865213882163,0.14326107445805825,0.1509349501020202,0.6687027224252621,GECCO
MTGFLOW,173_GECCO_id_1_Sensor_tr_16165_1st_16265.csv,42,success,2.993536949157715,,0.28595381739999554,0.7202320190783742,0.04966734608892854,0.5634631463583724,0.41863852774243027,0.552865213882163,0.14352789996540288,0.12064938424052969,0.6686981172382472,GECCO
MTGFLOW,187_Exathlon_id_14_Facility_tr_6193_1st_6293.csv,13,success,1.7735190391540527,,0.9969303699194108,0.9993975155647338,0.9993743021133971,0.999919874961956,0.9862072121339147,1.0,0.9999999999999996,0.6093743693777155,0.992553590868501,Exathlon
MTGFLOW,187_Exathlon_id_14_Facility_tr_6193_1st_6293.csv,1337,success,1.7846202850341797,,0.9970253902638424,0.999423106542594,0.999384512536742,0.999922871171923,0.9862072121339147,1.0,0.9999999999999996,0.6093743693777155,0.992553590868501,Exathlon
MTGFLOW,187_Exathlon_id_14_Facility_tr_6193_1st_6293.csv,17,success,1.7798411846160889,,0.9973691500063028,0.9994906195828703,0.9994464921070749,0.9999350413155328,0.9862072121339147,1.0,0.9999999999999996,0.6093743693777155,0.992553590868501,Exathlon
MTGFLOW,187_Exathlon_id_14_Facility_tr_6193_1st_6293.csv,2024,success,1.7768874168395996,,0.9965504689416923,0.999234751894691,0.99937303922761,0.9999047608435823,0.9862072121339147,1.0,0.9999999999999996,0.6093743693777155,0.992553590868501,Exathlon
MTGFLOW,187_Exathlon_id_14_Facility_tr_6193_1st_6293.csv,42,success,1.7787292003631592,,0.997373125799439,0.9995032888005282,0.9994402250180886,0.999934325452561,0.9862072121339147,1.0,0.9999999999999996,0.6093743693777155,0.992553590868501,Exathlon
OFA,002_MSL_id_1_Sensor_tr_500_1st_900.csv,13,success,5.244271278381348,,0.18166411303995228,0.9863336003203845,0.7155039418652347,0.9972588022615466,0.38596179750128334,0.5238095238095238,0.37499999999999967,0.21359223300970873,0.9768065750222826,MSL
OFA,002_MSL_id_1_Sensor_tr_500_1st_900.csv,1337,success,5.26250958442688,,0.1849881124584682,0.98668402082499,0.7106208539029272,0.9972327513710784,0.41509105022186615,0.5238095238095238,0.4150943396226412,0.2417582417582418,0.9739805162881989,MSL
OFA,002_MSL_id_1_Sensor_tr_500_1st_900.csv,17,success,5.237269401550293,,0.10434606568453793,0.9577993592310773,0.6677158770105038,0.9947021680503139,0.28571041955344967,0.4583333333333333,0.31578947368421023,0.16799999999999998,0.9765006156376652,MSL
OFA,002_MSL_id_1_Sensor_tr_500_1st_900.csv,2024,success,5.237582206726074,,0.1582049770505184,0.9833299959951942,0.701860544099485,0.9970181843176914,0.3243201461458649,0.5238095238095238,0.37499999999999967,0.2019230769230769,0.9772593327103284,MSL
OFA,002_MSL_id_1_Sensor_tr_500_1st_900.csv,42,success,5.254975318908691,,0.05056003512862236,0.9260612735282338,0.21922741078718286,0.9774685507397566,0.16666407797230742,0.2894736842105263,0.1791044776119401,0.12844036697247704,0.8164876997290081,MSL
OFA,027_MITDB_id_9_Medical_tr_25000_1st_52255.csv,13,success,245.15114307403564,,0.1550416818979858,0.7492135171621063,0.04425469266292225,0.7903333531337082,0.2867894624021325,0.9976958525345622,0.9411764705882347,0.4050563341577356,0.9402865643599538,MITDB
OFA,027_MITDB_id_9_Medical_tr_25000_1st_52255.csv,1337,success,267.57135009765625,,0.17422361132759873,0.7402113043241672,0.04633265034687552,0.7845901309523363,0.2867894624021325,1.0,0.9999999999999996,0.40374552464885705,0.9989893491310841,MITDB
OFA,027_MITDB_id_9_Medical_tr_25000_1st_52255.csv,17,success,267.78924465179443,,0.16901026768162397,0.7487569443589124,0.0447973073375333,0.7923885330863063,0.276388747196411,1.0,0.9999999999999996,0.3944055944055944,0.9990129180850538,MITDB
OFA,027_MITDB_id_9_Medical_tr_25000_1st_52255.csv,2024,success,267.4152498245239,,0.17759752143077132,0.7431490130556302,0.04550054113154089,0.7873616142265311,0.28516101160606405,1.0,0.9999999999999996,0.39985218033998526,0.9990459035005809,MITDB
OFA,027_MITDB_id_9_Medical_tr_25000_1st_52255.csv,42,success,267.7674434185028,,0.16652666079655404,0.747087057861232,0.04433362967322681,0.7877992597157244,0.2780923475311791,1.0,0.9999999999999996,0.39977820903798167,0.9989843621360165,MITDB
OFA,078_SMD_id_22_Facility_tr_500_1st_326.csv,13,success,15.44932508468628,,0.3019500642879755,0.9438580060481573,0.32918925467857996,0.9359131221694252,0.4754176188750343,0.763651521467278,0.5254005619257341,0.35296891149078097,0.8931893077431985,SMD
OFA,078_SMD_id_22_Facility_tr_500_1st_326.csv,1337,success,15.044208288192749,,0.31789541976307956,0.9494525220660908,0.3342194869707146,0.941968518803255,0.5013026708827187,0.8013998250218722,0.5650102583718741,0.42426425419396685,0.9000749069269501,SMD
OFA,078_SMD_id_22_Facility_tr_500_1st_326.csv,17,success,15.068125486373901,,0.2769738232092539,0.9351183672353884,0.2955681096085631,0.9261912850120758,0.43945699055621895,0.7862660944206008,0.4978354978354974,0.29712541009362786,0.8865435576439443,SMD
OFA,078_SMD_id_22_Facility_tr_500_1st_326.csv,2024,success,14.830052852630615,,0.31169280959784995,0.944654872835767,0.3390512395265673,0.9364899159451412,0.5043143063351974,0.7489779231398201,0.5642419002922888,0.31895252742398617,0.8896740234215775,SMD
OFA,078_SMD_id_22_Facility_tr_500_1st_326.csv,42,success,14.838645696640015,,0.2552814149272183,0.9328076053836716,0.2767524721120281,0.9206931131546604,0.4253412396889857,0.731629392971246,0.4408340663320739,0.3260648359957684,0.8835033627540078,SMD
OFA,115_PSM_id_1_Facility_tr_50000_1st_129872.csv,13,success,547.3848292827606,,0.17326302476529543,0.6322375052782048,0.20769122114509284,0.6546419622098505,0.24599102193767705,0.8828177016290115,0.3373848987108651,0.2908535558915925,0.8188729429779685,PSM
OFA,115_PSM_id_1_Facility_tr_50000_1st_129872.csv,1337,success,546.5686995983124,,0.1779295811119739,0.6391073788639902,0.2130389214383017,0.6614342347877862,0.24991454865129736,0.8834451205969884,0.3455673284116839,0.3098212517121798,0.818918634369178,PSM
OFA,115_PSM_id_1_Facility_tr_50000_1st_129872.csv,17,success,546.5894103050232,,0.17563429500666114,0.6350143686521226,0.2100955929073033,0.6600516183860136,0.25007303574756257,0.882563067160702,0.33396167632258816,0.29547790889929587,0.8202779376544141,PSM
OFA,115_PSM_id_1_Facility_tr_50000_1st_129872.csv,2024,success,546.4068911075592,,0.17823824419419,0.6406220759347543,0.21256777768199522,0.6642513178473807,0.2515479626225998,0.8835039868511649,0.3412345984185694,0.303686811365737,0.8181613092241872,PSM
OFA,115_PSM_id_1_Facility_tr_50000_1st_129872.csv,42,success,546.578351020813,,0.17926615901430973,0.6424182330370776,0.2159056269794758,0.6668758430954679,0.25382419010492285,0.8806154815198074,0.34835097773886237,0.30458213553803903,0.8133026539462574,PSM
OFA,132_OPPORTUNITY_id_4_HumanActivity_tr_895_1st_995.csv,13,success,12.60714316368103,,0.0269089820137665,0.1817305345061067,0.02725625987485101,0.18321082610651337,0.0897900403202176,0.3124108416547789,0.08975409836065563,0.1974844863752597,0.6676240944380625,OPPORTUNITY
OFA,132_OPPORTUNITY_id_4_HumanActivity_tr_895_1st_995.csv,1337,success,12.589154958724976,,0.026924105936777982,0.18202629746404464,0.027280537109215332,0.18360283636004976,0.0898084512450976,0.31063829787234043,0.08975409836065563,0.17857927929036685,0.6676240944380625,OPPORTUNITY
OFA,132_OPPORTUNITY_id_4_HumanActivity_tr_895_1st_995.csv,17,success,12.690153121948242,,0.026927073322161033,0.18195717475710693,0.02730479399113988,0.18355371018075345,0.08979924483899111,0.30279986173522294,0.08975409836065563,0.12617632024426034,0.6676240944380625,OPPORTUNITY
OFA,132_OPPORTUNITY_id_4_HumanActivity_tr_895_1st_995.csv,2024,success,12.588216066360474,,0.026899737846416978,0.18175186233018042,0.027269674608445753,0.18342368720846033,0.08976243808209308,0.3177366702937976,0.08975409836065563,0.11307023844950094,0.6676240944380625,OPPORTUNITY
OFA,132_OPPORTUNITY_id_4_HumanActivity_tr_895_1st_995.csv,42,success,12.788647413253784,,0.026951215084634057,0.18302819127203768,0.027309180815491253,0.1847247396590635,0.0897900403202176,0.30823363828289935,0.08975409836065563,0.12631810193321616,0.667624155716826,OPPORTUNITY
OFA,139_CATSv2_id_2_Sensor_tr_5592_1st_5692.csv,13,success,135.38783073425293,,0.04042062880376083,0.558167062343177,0.04431395672623463,0.5826715416383473,0.07323356115964307,0.600497555117097,0.11584615384615367,0.08269249333120016,0.7240506706970669,CATSv2
OFA,139_CATSv2_id_2_Sensor_tr_5592_1st_5692.csv,1337,success,135.5585618019104,,0.046026929534134293,0.5766375112590877,0.048966797901590045,0.6011792334796012,0.08921762078765635,0.5810012588360608,0.19755708975039785,0.0996350228562571,0.7366161875253667,CATSv2
OFA,139_CATSv2_id_2_Sensor_tr_5592_1st_5692.csv,17,success,135.30506443977356,,0.03941875861582111,0.5645347125715756,0.04341673825929947,0.5892355564624325,0.07642401775072519,0.5990073592332705,0.08374294556708528,0.11126759487544109,0.7056208474690466,CATSv2
OFA,139_CATSv2_id_2_Sensor_tr_5592_1st_5692.csv,2024,success,135.3377616405487,,0.04397667282251977,0.5648050368333012,0.0462229099319242,0.5882352714061512,0.08308225261876385,0.5944575574788006,0.1702127659574464,0.08488306975442882,0.7650516759192104,CATSv2
OFA,139_CATSv2_id_2_Sensor_tr_5592_1st_5692.csv,42,success,135.35009694099426,,0.04011564419982374,0.5565818029016277,0.043469773883110074,0.581285633959401,0.07549468096411485,0.5496564647095565,0.12561576354679768,0.08030109698712593,0.7434663459186938,CATSv2
OFA,166_SMAP_id_23_Sensor_tr_1113_1st_1890.csv,13,success,6.274999618530273,,0.8310354931172017,0.9981922915330694,0.8099835514285186,0.9982849710949485,0.7809476208906917,1.0,0.9999999999999996,0.780952380952381,0.9981588195181461,SMAP
OFA,166_SMAP_id_23_Sensor_tr_1113_1st_1890.csv,1337,success,6.328970909118652,,0.6565962109739282,0.9957930698980607,0.6187470152525277,0.9960991285762165,0.7068919813018449,1.0,0.9999999999999996,0.7068965517241379,0.9973612312423624,SMAP
OFA,166_SMAP_id_23_Sensor_tr_1113_1st_1890.csv,17,success,6.278752088546753,,0.6618103021876668,0.9958483515025539,0.6187470152525277,0.9960991285762165,0.7068919813018449,1.0,0.9999999999999996,0.7068965517241379,0.997529142392778,SMAP
OFA,166_SMAP_id_23_Sensor_tr_1113_1st_1890.csv,2024,success,6.273003816604614,,0.738414787308685,0.9967494416557946,0.7245833807962271,0.9969315159205181,0.7321382159095241,1.0,0.9999999999999996,0.7321428571428571,0.998145252009767,SMAP
OFA,166_SMAP_id_23_Sensor_tr_1113_1st_1890.csv,42,success,6.283369541168213,,0.6126691898774739,0.9953397607412158,0.5530797020038659,0.9954290859399338,0.6949107196503888,1.0,0.9999999999999996,0.6949152542372882,0.9971877557521923,SMAP
OFA,171_SWaT_id_1_Sensor_tr_3749_1st_9522.csv,13,success,40.557849168777466,,0.15429203150055776,0.5087506473059301,0.18840951963795452,0.5670644186394249,0.2609334562516784,0.7506573181419807,0.3345996493278781,0.2956595012694002,0.7163733094443455,SWaT
OFA,171_SWaT_id_1_Sensor_tr_3749_1st_9522.csv,1337,success,40.68651723861694,,0.1551459814715982,0.5121410209669066,0.18903157176181698,0.5716158819352778,0.26148641762484853,0.7524708983088074,0.30189269513530387,0.27152766470705,0.7163742817430241,SWaT
OFA,171_SWaT_id_1_Sensor_tr_3749_1st_9522.csv,17,success,40.53038454055786,,0.15283177389336497,0.5054224691983005,0.18892993471886863,0.5662157676721223,0.2573298561243733,0.814936397209684,0.33676470588235263,0.3080590165766612,0.7736732829776957,SWaT
OFA,171_SWaT_id_1_Sensor_tr_3749_1st_9522.csv,2024,success,40.56577467918396,,0.15098377851409694,0.5100860907211355,0.18497390153992788,0.5715293747773337,0.26623478820503194,0.49136069114470843,0.27786752827140515,0.25322601951894536,0.7163008665313992,SWaT
OFA,171_SWaT_id_1_Sensor_tr_3749_1st_9522.csv,42,success,40.54704737663269,,0.15365554264072678,0.5126189630255756,0.1880325551393817,0.5732241091234321,0.26469113032813735,0.7386804657179818,0.2890761185357347,0.24046936048614212,0.7163733094443455,SWaT
OFA,173_GECCO_id_1_Sensor_tr_16165_1st_16265.csv,13,success,205.54742217063904,,0.39311063483532954,0.962978515313553,0.5044028142605244,0.9863888521539714,0.502655997279591,0.5807770961145194,0.39019725044829595,0.22070892409790757,0.668702727248392,GECCO
OFA,173_GECCO_id_1_Sensor_tr_16165_1st_16265.csv,1337,success,205.32506108283997,,0.4045425929070359,0.9626454222232124,0.5224673329078532,0.9874970060308751,0.5058118526783283,0.5866037179108882,0.39554082554986403,0.22846796238602166,0.668702727248392,GECCO
OFA,173_GECCO_id_1_Sensor_tr_16165_1st_16265.csv,17,success,205.39187145233154,,0.38524159485125004,0.9609198190812287,0.48984114925913075,0.9839082441951267,0.5048772730768273,0.5825591848966137,0.3856887298747759,0.22386371799357432,0.6687027216175819,GECCO
OFA,173_GECCO_id_1_Sensor_tr_16165_1st_16265.csv,2024,success,205.44879984855652,,0.3954085335306337,0.9651448910048304,0.5287310011096129,0.9876165545746528,0.5062830357998799,0.5805720758991787,0.4054345481992663,0.25899447877505555,0.6687027215607051,GECCO
OFA,173_GECCO_id_1_Sensor_tr_16165_1st_16265.csv,42,success,205.33744406700134,,0.378952128606235,0.9639365846594805,0.4954670626273509,0.9856586117241231,0.48962948030828424,0.5609480812641083,0.38429157563808763,0.251343898702869,0.6687027216175819,GECCO
OFA,187_Exathlon_id_14_Facility_tr_6193_1st_6293.csv,13,success,76.07137703895569,,0.9053267602135717,0.9902673723058926,0.9456177004105195,0.9944311167597519,0.9361980527051574,0.9907178744784126,0.9710952002121448,0.3648929820187908,0.9782379767573237,Exathlon
OFA,187_Exathlon_id_14_Facility_tr_6193_1st_6293.csv,1337,success,75.94508528709412,,0.8892299038624897,0.9886963303897269,0.9387923233752428,0.9934837776263353,0.9339491300973585,0.9913087934560327,0.8499999999999994,0.3409762275255901,0.8858669609069274,Exathlon
OFA,187_Exathlon_id_14_Facility_tr_6193_1st_6293.csv,17,success,75.99280118942261,,0.9204003294774792,0.9913518531283608,0.9480821052104654,0.9949941396066868,0.9397498766875979,0.9933401639344263,0.9836203275934475,0.40239044715450334,0.9840195303871949,Exathlon
OFA,187_Exathlon_id_14_Facility_tr_6193_1st_6293.csv,2024,success,75.99657273292542,,0.8944850852941831,0.9878301852242567,0.9398560665442764,0.9932051178208211,0.935757390042889,0.9893698443745217,0.9719668087015021,0.38665611628106245,0.9807693733581978,Exathlon
OFA,187_Exathlon_id_14_Facility_tr_6193_1st_6293.csv,42,success,76.12815809249878,,0.89993944062616,0.9890198542256247,0.9442009558145219,0.994074794229518,0.9375382528267074,0.990633514986376,0.964539007092198,0.3607051512297862,0.9717852590970762,Exathlon
OmniAnomaly,002_MSL_id_1_Sensor_tr_500_1st_900.csv,13,success,2.0811691284179688,,0.00577350524766332,0.4642571085302363,0.0940576222636928,0.809692418703099,0.013869474119700334,0.03240058910162003,0.011976047904191604,0.014634146341463414,0.8837500975482799,MSL
OmniAnomaly,002_MSL_id_1_Sensor_tr_500_1st_900.csv,1337,success,1.4570426940917969,,0.005707478144585856,0.4316179415298358,0.09406114659490189,0.810106445675757,0.012551851611842886,0.03240058910162003,0.011976047904191604,0.014634146341463414,0.8837500975482799,MSL
OmniAnomaly,002_MSL_id_1_Sensor_tr_500_1st_900.csv,17,success,1.991706371307373,,0.005850105825402478,0.4479375250300361,0.09456864063153396,0.81290202601921,0.014457315274625859,0.03240058910162003,0.011976047904191604,0.014634146341463414,0.8837500975482799,MSL
OmniAnomaly,002_MSL_id_1_Sensor_tr_500_1st_900.csv,2024,success,2.1813297271728516,,0.006038586678612649,0.4815778934721666,0.058899246127146025,0.8126588324214178,0.014814613188615182,0.03240058910162003,0.011976047904191604,0.014634146341463414,0.8837500975482799,MSL
OmniAnomaly,002_MSL_id_1_Sensor_tr_500_1st_900.csv,42,success,1.843970775604248,,0.006112182307444658,0.4823287945534641,0.09412306796017593,0.8136756319646649,0.014093389847826623,0.03240058910162003,0.011976047904191604,0.014634146341463414,0.8837500975482799,MSL
OmniAnomaly,027_MITDB_id_9_Medical_tr_25000_1st_52255.csv,13,success,225.3986418247223,,0.007194601200648246,0.6100502473632307,0.00958897997741916,0.6663423059757977,0.025268549318030572,0.40810556079170596,0.02497527200791293,0.0225890359550535,0.7955849999685759,MITDB
OmniAnomaly,027_MITDB_id_9_Medical_tr_25000_1st_52255.csv,1337,success,223.49848008155823,,0.007277171943608007,0.6156394602021673,0.009682716940974414,0.6706260228770009,0.025449462344775752,0.4094562647754137,0.02560878015319535,0.026026391030295623,0.7955999998743082,MITDB
OmniAnomaly,027_MITDB_id_9_Medical_tr_25000_1st_52255.csv,17,success,223.91167449951172,,0.007145574402544734,0.6066849249397699,0.009506630844996044,0.6610697220091273,0.025120120080141785,0.4042950513538749,0.024753664984378726,0.021527418311071682,0.7955999998743082,MITDB
OmniAnomaly,027_MITDB_id_9_Medical_tr_25000_1st_52255.csv,2024,success,224.28452253341675,,0.007205399787738193,0.6057881666878555,0.009651888723697287,0.6625677128686367,0.026674576015933746,0.41198858230256896,0.026379201014584627,0.02502383544748271,0.8118922905261856,MITDB
OmniAnomaly,027_MITDB_id_9_Medical_tr_25000_1st_52255.csv,42,success,226.84370923042297,,0.0071852342174091935,0.6089472264791072,0.009539711606965784,0.6638247136018104,0.026047922141655973,0.4117926771279125,0.02652893532104704,0.016752855261562668,0.7958361611421944,MITDB
OmniAnomaly,078_SMD_id_22_Facility_tr_500_1st_326.csv,13,success,3.3025600910186768,,0.41310377629192346,0.7787046228986296,0.2496113509817532,0.6419511187892073,0.6224538586545655,0.8990457056755399,0.46494992846924127,0.1175347874716994,0.8807194774980044,SMD
OmniAnomaly,078_SMD_id_22_Facility_tr_500_1st_326.csv,1337,success,2.350341320037842,,0.41265073404990943,0.7784791518577405,0.24935174700686574,0.6427285023486035,0.62138228365311,0.8990457056755399,0.46494992846924127,0.11734842069882964,0.8807194774980044,SMD
OmniAnomaly,078_SMD_id_22_Facility_tr_500_1st_326.csv,17,success,2.436183452606201,,0.4147233339481117,0.7796000963629319,0.25026798166021175,0.6416510553178989,0.624143005831085,0.8981435022579026,0.46478369681801884,0.11780192963947479,0.880615482283642,SMD
OmniAnomaly,078_SMD_id_22_Facility_tr_500_1st_326.csv,2024,success,2.509453535079956,,0.4131146117251854,0.7787486753681787,0.2495640558470304,0.6418680405150399,0.6224986552247401,0.8990457056755399,0.46478369681801884,0.1175922958718531,0.8806757148879548,SMD
OmniAnomaly,078_SMD_id_22_Facility_tr_500_1st_326.csv,42,success,3.3496127128601074,,0.4116622966610207,0.779109846572566,0.24911232190973392,0.6431068602643046,0.6203519711274474,0.9004024144869215,0.4646175839885628,0.11725653778376922,0.8806788748768163,SMD
OmniAnomaly,115_PSM_id_1_Facility_tr_50000_1st_129872.csv,13,success,467.6323564052582,,0.16260057561295624,0.6323460199981175,0.17048967607722104,0.6022225532090627,0.2592949907763375,0.8451805233521034,0.20149253731343264,0.04698376238483726,0.6942894594930721,PSM
OmniAnomaly,115_PSM_id_1_Facility_tr_50000_1st_129872.csv,1337,success,467.10550808906555,,0.16245332353983155,0.6320893979276222,0.1702594559963913,0.6012120580447932,0.25970111571770715,0.8452551842936331,0.20149253731343264,0.04698376238483726,0.6942863657999886,PSM
OmniAnomaly,115_PSM_id_1_Facility_tr_50000_1st_129872.csv,17,success,467.4328861236572,,0.16254510609154618,0.6320522229139636,0.17039945954971372,0.6017397666554458,0.25944160350607615,0.8453111886567428,0.20149253731343264,0.04698376238483726,0.6942893794103645,PSM
OmniAnomaly,115_PSM_id_1_Facility_tr_50000_1st_129872.csv,2024,success,462.8582866191864,,0.1624363865307688,0.6318719161861549,0.17031839508868155,0.6022819973361905,0.2592042499358688,0.845236517821651,0.20149253731343264,0.04698376238483726,0.6942893349199671,PSM
OmniAnomaly,115_PSM_id_1_Facility_tr_50000_1st_129872.csv,42,success,462.60886240005493,,0.16256948129430301,0.632506079488565,0.17054151304321605,0.6030977673749087,0.2600075671555254,0.8449006622516556,0.20149253731343264,0.04698376238483726,0.694286361738476,PSM
OmniAnomaly,132_OPPORTUNITY_id_4_HumanActivity_tr_895_1st_995.csv,13,success,2.5477256774902344,,0.228728585637235,0.925324092989313,0.23770110121533444,0.9255211233315592,0.497357368716981,0.6012354152367879,0.4636519748139664,0.20168815281591387,0.7204655656934387,OPPORTUNITY
OmniAnomaly,132_OPPORTUNITY_id_4_HumanActivity_tr_895_1st_995.csv,1337,success,2.8834147453308105,,0.23198834908711014,0.9267810660314573,0.24119200225031764,0.9269942906936137,0.5009978644604506,0.6028905712319339,0.4669350201265091,0.21133175230164242,0.7204655656934387,OPPORTUNITY
OmniAnomaly,132_OPPORTUNITY_id_4_HumanActivity_tr_895_1st_995.csv,17,success,2.6939496994018555,,0.23006211801833806,0.9259135632113021,0.23921039109335118,0.9261633574355681,0.49900316303759096,0.6033057851239669,0.46685878962535987,0.20100695941368482,0.7204655656934387,OPPORTUNITY
OmniAnomaly,132_OPPORTUNITY_id_4_HumanActivity_tr_895_1st_995.csv,2024,success,2.4505412578582764,,0.23115408768111761,0.9264125829022801,0.24035288396496846,0.9266527735200965,0.4999958782502462,0.6016483516483516,0.465596330275229,0.2124771958195141,0.7204655656934387,OPPORTUNITY
OmniAnomaly,132_OPPORTUNITY_id_4_HumanActivity_tr_895_1st_995.csv,42,success,2.7672362327575684,,0.23143926040109694,0.9265384941528356,0.24054177923676287,0.9267299322380342,0.5006598856442673,0.6041379310344828,0.46685878962535987,0.20783010560334647,0.7204655656934387,OPPORTUNITY
OmniAnomaly,139_CATSv2_id_2_Sensor_tr_5592_1st_5692.csv,13,success,53.011934995651245,,0.12019250652863825,0.6949959788972528,0.11789147092855892,0.7227263279190685,0.21868065384629437,0.8796296296296297,0.46467391304347777,0.1135875292965345,0.7413369808936509,CATSv2
OmniAnomaly,139_CATSv2_id_2_Sensor_tr_5592_1st_5692.csv,1337,success,57.767966508865356,,0.12056623804536057,0.6902098002316155,0.11824139672551005,0.7183093171295224,0.2220755327606224,0.8773279975373249,0.4629794826048167,0.11243228111611442,0.7425678232903953,CATSv2
OmniAnomaly,139_CATSv2_id_2_Sensor_tr_5592_1st_5692.csv,17,success,63.32306623458862,,0.11999011917990626,0.6943405017532008,0.11773463319976368,0.7220466342081833,0.21826501548196833,0.8837573943411019,0.46444644464446394,0.11320077835043801,0.7404681306946271,CATSv2
OmniAnomaly,139_CATSv2_id_2_Sensor_tr_5592_1st_5692.csv,2024,success,52.56053805351257,,0.11960190742375101,0.6940290082352184,0.1174210198153218,0.7216941807812236,0.2185195949575939,0.8775305981063813,0.4619516562220228,0.11095560126843214,0.7392984151967276,CATSv2
OmniAnomaly,139_CATSv2_id_2_Sensor_tr_5592_1st_5692.csv,42,success,33.267391204833984,,0.12047018824298433,0.6951351247346071,0.11789727049854845,0.7228747022918859,0.21945494081005143,0.8796975075237287,0.46344827586206855,0.11078529943182737,0.740245809985004,CATSv2
OmniAnomaly,166_SMAP_id_23_Sensor_tr_1113_1st_1890.csv,13,success,1.360159158706665,,0.010474784336774672,0.5593696791455676,0.011881497644353195,0.5608796070806229,0.03515060620066413,0.018250612063209437,0.018250612063209416,0.010807960985896928,0.9833145845858824,SMAP
OmniAnomaly,166_SMAP_id_23_Sensor_tr_1113_1st_1890.csv,1337,success,6.532081604003906,,0.006700506026058188,0.36093359573668266,0.007104280903739977,0.3825612373889925,0.019127405610067132,0.018250612063209437,0.018250612063209416,0.015187997777366177,0.9833145845858824,SMAP
OmniAnomaly,166_SMAP_id_23_Sensor_tr_1113_1st_1890.csv,17,success,1.366734504699707,,0.010213740941317644,0.5489850297415032,0.011616434911331932,0.5559503660927838,0.034528196056220366,0.018250612063209437,0.018250612063209416,0.011813859674398502,0.9833145845858824,SMAP
OmniAnomaly,166_SMAP_id_23_Sensor_tr_1113_1st_1890.csv,2024,success,1.1456882953643799,,0.01012061392631039,0.54794020741658,0.011239420697872713,0.551614958374567,0.032546457968231766,0.018250612063209437,0.018250612063209416,0.012911352542906629,0.9833145845858824,SMAP
OmniAnomaly,166_SMAP_id_23_Sensor_tr_1113_1st_1890.csv,42,success,1.3518085479736328,,0.010717421748005294,0.5664042633173385,0.012616917703417784,0.5675146426958186,0.038572418620201394,0.018250612063209437,0.018250612063209416,0.010634158993645441,0.9833145845858824,SMAP
OmniAnomaly,171_SWaT_id_1_Sensor_tr_3749_1st_9522.csv,13,success,19.435038328170776,,0.16318379178803064,0.6320885320997947,0.19325428813221288,0.6278642998454278,0.3040346315229583,0.24565066109951286,0.23390848595489055,0.14963276921239294,0.7162985145543256,SWaT
OmniAnomaly,171_SWaT_id_1_Sensor_tr_3749_1st_9522.csv,1337,success,4.222239017486572,,0.16494743699768477,0.6369582658935377,0.19612771924867425,0.6309212829142908,0.3138331170871357,0.24659448131330772,0.23390848595489055,0.14987455055790996,0.7163011619690864,SWaT
OmniAnomaly,171_SWaT_id_1_Sensor_tr_3749_1st_9522.csv,17,success,16.904659748077393,,0.1627773987284188,0.6308436921633603,0.19286210565742098,0.6260141233070416,0.307124583067619,0.24616457461645747,0.23390848595489055,0.14987455055790996,0.7163011403516992,SWaT
OmniAnomaly,171_SWaT_id_1_Sensor_tr_3749_1st_9522.csv,2024,success,4.24168062210083,,0.1635108799642941,0.633057517147318,0.1938739874341638,0.6255592607268881,0.30688010997416,0.246680642907058,0.23390848595489055,0.15217221679618056,0.7162985246424808,SWaT
OmniAnomaly,171_SWaT_id_1_Sensor_tr_3749_1st_9522.csv,42,success,4.296821355819702,,0.16431460256466776,0.6349424449238443,0.1952895288215516,0.6288109975400539,0.31260483257760835,0.24659448131330772,0.23390848595489055,0.14987455055790996,0.7163011533221317,SWaT
OmniAnomaly,173_GECCO_id_1_Sensor_tr_16165_1st_16265.csv,13,success,103.52188563346863,,0.08554287262991145,0.6077628592860637,0.04166156919687824,0.5820294608185794,0.22073731589809456,0.5049833887043189,0.17636453040485126,0.04824148131974771,0.6687021220949799,GECCO
OmniAnomaly,173_GECCO_id_1_Sensor_tr_16165_1st_16265.csv,1337,success,151.43053722381592,,0.08629988404818247,0.6103444112077951,0.04220207038986298,0.5799297130998096,0.22072054662704213,0.5049833887043189,0.153335621924705,0.04824148131974771,0.6687028388507271,GECCO
OmniAnomaly,173_GECCO_id_1_Sensor_tr_16165_1st_16265.csv,17,success,152.55952668190002,,0.08628671607742425,0.6071231440233517,0.04231467595596969,0.5834250398741601,0.2210134806151701,0.5049833887043189,0.1536873494666816,0.04824148131974771,0.6687036604113686,GECCO
OmniAnomaly,173_GECCO_id_1_Sensor_tr_16165_1st_16265.csv,2024,success,151.08183550834656,,0.08627307089813704,0.6073199817693729,0.042441882104870605,0.5845919756095823,0.22090666056210984,0.5049833887043189,0.15359926639156316,0.04824148131974771,0.6687027946514893,GECCO
OmniAnomaly,173_GECCO_id_1_Sensor_tr_16165_1st_16265.csv,42,success,153.22229766845703,,0.08630900911423907,0.6092071401002346,0.042295473281481574,0.5830629840596572,0.22091648940605563,0.5049833887043189,0.15346733092824794,0.04824148131974771,0.6687049076173256,GECCO
OmniAnomaly,187_Exathlon_id_14_Facility_tr_6193_1st_6293.csv,13,success,35.51797819137573,,0.8977756222627341,0.9874187218652611,0.9366979967822358,0.992848085689022,0.913405225548989,0.9951244547087503,0.9727939436952916,0.4057654696800728,0.9897715358910774,Exathlon
OmniAnomaly,187_Exathlon_id_14_Facility_tr_6193_1st_6293.csv,1337,success,35.310616970062256,,0.8975792382235744,0.9874594127827718,0.9365025728503452,0.9928333004016269,0.9134448877519291,0.995465046633011,0.9726905723106145,0.40180720374727075,0.9897660376124346,Exathlon
OmniAnomaly,187_Exathlon_id_14_Facility_tr_6193_1st_6293.csv,17,success,33.58561873435974,,0.8975226920335221,0.9873399075461106,0.9365892623884932,0.9927943698561587,0.91404329941621,0.995465046633011,0.9726775956284148,0.40302223687488414,0.9895732866978808,Exathlon
OmniAnomaly,187_Exathlon_id_14_Facility_tr_6193_1st_6293.csv,2024,success,58.205848693847656,,0.8972213909020946,0.9872779504418171,0.9362688001943101,0.9927479054099204,0.9130761940656602,0.995465046633011,0.9727035366722045,0.39776327263325023,0.9897656814070466,Exathlon
OmniAnomaly,187_Exathlon_id_14_Facility_tr_6193_1st_6293.csv,42,success,57.50577664375305,,0.8972627781984939,0.9872709339681176,0.936308120622006,0.9927582304910683,0.913091060968377,0.9952095808383233,0.9725378787878782,0.39419294930121174,0.9896100362852526,Exathlon
PCA,002_MSL_id_1_Sensor_tr_500_1st_900.csv,13,success,3.5877327919006348,,0.5942336504537461,0.994243091710052,0.895050649520099,0.9992932103325319,0.6666617014258696,0.88,0.7272727272727267,0.37096774193548393,0.996482616198561,MSL
PCA,002_MSL_id_1_Sensor_tr_500_1st_900.csv,1337,success,3.5581555366516113,,0.5942336504537461,0.994243091710052,0.895050649520099,0.9992932103325319,0.6666617014258696,0.88,0.7272727272727267,0.37096774193548393,0.996482616198561,MSL
PCA,002_MSL_id_1_Sensor_tr_500_1st_900.csv,17,success,3.5315194129943848,,0.5942336504537461,0.994243091710052,0.895050649520099,0.9992932103325319,0.6666617014258696,0.88,0.7272727272727267,0.37096774193548393,0.996482616198561,MSL
PCA,002_MSL_id_1_Sensor_tr_500_1st_900.csv,2024,success,3.527108907699585,,0.5942336504537461,0.994243091710052,0.895050649520099,0.9992932103325319,0.6666617014258696,0.88,0.7272727272727267,0.37096774193548393,0.996482616198561,MSL
PCA,002_MSL_id_1_Sensor_tr_500_1st_900.csv,42,success,3.591519594192505,,0.5942336504537461,0.994243091710052,0.895050649520099,0.9992932103325319,0.6666617014258696,0.88,0.7272727272727267,0.37096774193548393,0.996482616198561,MSL
PCA,027_MITDB_id_9_Medical_tr_25000_1st_52255.csv,13,success,1.3277881145477295,,0.1051820271371809,0.7322871776130135,0.03497586007352375,0.7565608036702443,0.18420749715253168,1.0,0.9999999999999996,0.3660377358490566,0.9989721316384469,MITDB
PCA,027_MITDB_id_9_Medical_tr_25000_1st_52255.csv,1337,success,1.332731008529663,,0.1051820271371809,0.7322871776130135,0.03497586007352375,0.7565608036702443,0.18420749715253168,1.0,0.9999999999999996,0.3660377358490566,0.9989721316384469,MITDB
PCA,027_MITDB_id_9_Medical_tr_25000_1st_52255.csv,17,success,1.3304836750030518,,0.1051820271371809,0.7322871776130135,0.03497586007352375,0.7565608036702443,0.18420749715253168,1.0,0.9999999999999996,0.3660377358490566,0.9989721316384469,MITDB
PCA,027_MITDB_id_9_Medical_tr_25000_1st_52255.csv,2024,success,1.3163037300109863,,0.1051820271371809,0.7322871776130135,0.03497586007352375,0.7565608036702443,0.18420749715253168,1.0,0.9999999999999996,0.3660377358490566,0.9989721316384469,MITDB
PCA,027_MITDB_id_9_Medical_tr_25000_1st_52255.csv,42,success,1.3282742500305176,,0.1051820271371809,0.7322871776130135,0.03497586007352375,0.7565608036702443,0.18420749715253168,1.0,0.9999999999999996,0.3660377358490566,0.9989721316384469,MITDB
PCA,078_SMD_id_22_Facility_tr_500_1st_326.csv,13,success,39.08086681365967,,0.3739123205286385,0.8313461009157093,0.13214241431272433,0.39922141872060013,0.5840267891954384,0.702263989747971,0.32228405516573877,0.274268458947323,0.6705313619156227,SMD
PCA,078_SMD_id_22_Facility_tr_500_1st_326.csv,1337,success,39.0853705406189,,0.3739123205286385,0.8313461009157093,0.13214241431272433,0.39922141872060013,0.5840267891954384,0.702263989747971,0.32228405516573877,0.274268458947323,0.6705313619156227,SMD
PCA,078_SMD_id_22_Facility_tr_500_1st_326.csv,17,success,38.80607295036316,,0.3739123205286385,0.8313461009157093,0.13214241431272433,0.39922141872060013,0.5840267891954384,0.702263989747971,0.32228405516573877,0.274268458947323,0.6705313619156227,SMD
PCA,078_SMD_id_22_Facility_tr_500_1st_326.csv,2024,success,39.284940242767334,,0.3739123205286385,0.8313461009157093,0.13214241431272433,0.39922141872060013,0.5840267891954384,0.702263989747971,0.32228405516573877,0.274268458947323,0.6705313619156227,SMD
PCA,078_SMD_id_22_Facility_tr_500_1st_326.csv,42,success,39.27411961555481,,0.3739123205286385,0.8313461009157093,0.13214241431272433,0.39922141872060013,0.5840267891954384,0.702263989747971,0.32228405516573877,0.274268458947323,0.6705313619156227,SMD
PCA,115_PSM_id_1_Facility_tr_50000_1st_129872.csv,13,success,133.69077229499817,,0.1793429998429945,0.6485793220394996,0.16958385400414522,0.513963696824601,0.2708959733114809,0.6932194495213623,0.26109873038476794,0.18559863874508983,0.7079952292761749,PSM
PCA,115_PSM_id_1_Facility_tr_50000_1st_129872.csv,1337,success,133.96441841125488,,0.1793429998429945,0.6485793220394996,0.16958385400414522,0.513963696824601,0.2708959733114809,0.6932194495213623,0.26109873038476794,0.18559863874508983,0.7079952292761749,PSM
PCA,115_PSM_id_1_Facility_tr_50000_1st_129872.csv,17,success,133.6823868751526,,0.1793429998429945,0.6485793220394996,0.16958385400414522,0.513963696824601,0.2708959733114809,0.6932194495213623,0.26109873038476794,0.18559863874508983,0.7079952292761749,PSM
PCA,115_PSM_id_1_Facility_tr_50000_1st_129872.csv,2024,success,133.66260266304016,,0.1793429998429945,0.6485793220394996,0.16958385400414522,0.513963696824601,0.2708959733114809,0.6932194495213623,0.26109873038476794,0.18559863874508983,0.7079952292761749,PSM
PCA,115_PSM_id_1_Facility_tr_50000_1st_129872.csv,42,success,133.93450951576233,,0.1793429998429945,0.6485793220394996,0.16958385400414522,0.513963696824601,0.2708959733114809,0.6932194495213623,0.26109873038476794,0.18559863874508983,0.7079952292761749,PSM
PCA,132_OPPORTUNITY_id_4_HumanActivity_tr_895_1st_995.csv,13,success,326.9267222881317,,0.08639911955694034,0.7645875892620829,0.08922772592228205,0.7648722145425901,0.2617650790250171,0.4858569051580699,0.26216545012165426,0.25398129288916566,0.6737311881009096,OPPORTUNITY
PCA,132_OPPORTUNITY_id_4_HumanActivity_tr_895_1st_995.csv,1337,success,326.1071569919586,,0.08639911955694034,0.7645875892620829,0.08922772592228205,0.7648722145425901,0.2617650790250171,0.4858569051580699,0.26216545012165426,0.25398129288916566,0.6737311881009096,OPPORTUNITY
PCA,132_OPPORTUNITY_id_4_HumanActivity_tr_895_1st_995.csv,17,success,327.4157335758209,,0.08639911955694034,0.7645875892620829,0.08922772592228205,0.7648722145425901,0.2617650790250171,0.4858569051580699,0.26216545012165426,0.25398129288916566,0.6737311881009096,OPPORTUNITY
PCA,132_OPPORTUNITY_id_4_HumanActivity_tr_895_1st_995.csv,2024,success,327.56241965293884,,0.08639911955694034,0.7645875892620829,0.08922772592228205,0.7648722145425901,0.2617650790250171,0.4858569051580699,0.26216545012165426,0.25398129288916566,0.6737311881009096,OPPORTUNITY
PCA,132_OPPORTUNITY_id_4_HumanActivity_tr_895_1st_995.csv,42,success,326.95762300491333,,0.08639911955694034,0.7645875892620829,0.08922772592228205,0.7648722145425901,0.2617650790250171,0.4858569051580699,0.26216545012165426,0.25398129288916566,0.6737311881009096,OPPORTUNITY
PCA,139_CATSv2_id_2_Sensor_tr_5592_1st_5692.csv,13,success,65.65496635437012,,0.03900614295529598,0.5649542503056038,0.04289482329922714,0.5226924185648056,0.08412683526662558,0.28507896687382406,0.09666815470151356,0.12697754021871036,0.6698963320774176,CATSv2
PCA,139_CATSv2_id_2_Sensor_tr_5592_1st_5692.csv,1337,success,66.10156178474426,,0.03900614295529598,0.5649542503056038,0.04289482329922714,0.5226924185648056,0.08412683526662558,0.28507896687382406,0.09666815470151356,0.12697754021871036,0.6698963320774176,CATSv2
PCA,139_CATSv2_id_2_Sensor_tr_5592_1st_5692.csv,17,success,65.79324269294739,,0.03900614295529598,0.5649542503056038,0.04289482329922714,0.5226924185648056,0.08412683526662558,0.28507896687382406,0.09666815470151356,0.12697754021871036,0.6698963320774176,CATSv2
PCA,139_CATSv2_id_2_Sensor_tr_5592_1st_5692.csv,2024,success,65.79111647605896,,0.03900614295529598,0.5649542503056038,0.04289482329922714,0.5226924185648056,0.08412683526662558,0.28507896687382406,0.09666815470151356,0.12697754021871036,0.6698963320774176,CATSv2
PCA,139_CATSv2_id_2_Sensor_tr_5592_1st_5692.csv,42,success,65.98853588104248,,0.03900614295529598,0.5649542503056038,0.04289482329922714,0.5226924185648056,0.08412683526662558,0.28507896687382406,0.09666815470151356,0.12697754021871036,0.6698963320774176,CATSv2
PCA,166_SMAP_id_23_Sensor_tr_1113_1st_1890.csv,13,success,7.9322333335876465,,0.4572322041644019,0.9953618733830131,0.5278171677695,0.9957655082155925,0.7522888848032874,0.845360824742268,0.7522935779816508,0.7522935779816513,0.9969708214500812,SMAP
PCA,166_SMAP_id_23_Sensor_tr_1113_1st_1890.csv,1337,success,7.900445938110352,,0.4572322041644019,0.9953618733830131,0.5278171677695,0.9957655082155925,0.7522888848032874,0.845360824742268,0.7522935779816508,0.7522935779816513,0.9969708214500812,SMAP
PCA,166_SMAP_id_23_Sensor_tr_1113_1st_1890.csv,17,success,7.932575225830078,,0.4572322041644019,0.9953618733830131,0.5278171677695,0.9957655082155925,0.7522888848032874,0.845360824742268,0.7522935779816508,0.7522935779816513,0.9969708214500812,SMAP
PCA,166_SMAP_id_23_Sensor_tr_1113_1st_1890.csv,2024,success,7.897116422653198,,0.4572322041644019,0.9953618733830131,0.5278171677695,0.9957655082155925,0.7522888848032874,0.845360824742268,0.7522935779816508,0.7522935779816513,0.9969708214500812,SMAP
PCA,166_SMAP_id_23_Sensor_tr_1113_1st_1890.csv,42,success,7.93295431137085,,0.4572322041644019,0.9953618733830131,0.5278171677695,0.9957655082155925,0.7522888848032874,0.845360824742268,0.7522935779816508,0.7522935779816513,0.9969708214500812,SMAP
PCA,171_SWaT_id_1_Sensor_tr_3749_1st_9522.csv,13,success,107.31987643241882,,0.26432821442644294,0.7275437671695721,0.29115730244102983,0.6744051583245929,0.4394545980839301,0.5714285714285714,0.46061002653869887,0.40596241413340917,0.8265613451858005,SWaT
PCA,171_SWaT_id_1_Sensor_tr_3749_1st_9522.csv,1337,success,107.47551536560059,,0.26432821442644294,0.7275437671695721,0.29115730244102983,0.6744051583245929,0.4394545980839301,0.5714285714285714,0.46061002653869887,0.40596241413340917,0.8265613451858005,SWaT
PCA,171_SWaT_id_1_Sensor_tr_3749_1st_9522.csv,17,success,107.39528632164001,,0.26432821442644294,0.7275437671695721,0.29115730244102983,0.6744051583245929,0.4394545980839301,0.5714285714285714,0.46061002653869887,0.40596241413340917,0.8265613451858005,SWaT
PCA,171_SWaT_id_1_Sensor_tr_3749_1st_9522.csv,2024,success,107.24691843986511,,0.26432821442644294,0.7275437671695721,0.29115730244102983,0.6744051583245929,0.4394545980839301,0.5714285714285714,0.46061002653869887,0.40596241413340917,0.8265613451858005,SWaT
PCA,171_SWaT_id_1_Sensor_tr_3749_1st_9522.csv,42,success,107.60266470909119,,0.26432821442644294,0.7275437671695721,0.29115730244102983,0.6744051583245929,0.4394545980839301,0.5714285714285714,0.46061002653869887,0.40596241413340917,0.8265613451858005,SWaT
PCA,173_GECCO_id_1_Sensor_tr_16165_1st_16265.csv,13,success,9.02949070930481,,0.11469761971255481,0.6808327810088063,0.036038856474116705,0.5601547575450824,0.14704493441785801,0.26102481699696484,0.11169180229953661,0.1102793209201757,0.6702123434129705,GECCO
PCA,173_GECCO_id_1_Sensor_tr_16165_1st_16265.csv,1337,success,8.864795684814453,,0.11469761971255481,0.6808327810088063,0.036038856474116705,0.5601547575450824,0.14704493441785801,0.26102481699696484,0.11169180229953661,0.1102793209201757,0.6702123434129705,GECCO
PCA,173_GECCO_id_1_Sensor_tr_16165_1st_16265.csv,17,success,9.165556907653809,,0.11469761971255481,0.6808327810088063,0.036038856474116705,0.5601547575450824,0.14704493441785801,0.26102481699696484,0.11169180229953661,0.1102793209201757,0.6702123434129705,GECCO
PCA,173_GECCO_id_1_Sensor_tr_16165_1st_16265.csv,2024,success,9.02024507522583,,0.11469761971255481,0.6808327810088063,0.036038856474116705,0.5601547575450824,0.14704493441785801,0.26102481699696484,0.11169180229953661,0.1102793209201757,0.6702123434129705,GECCO
PCA,173_GECCO_id_1_Sensor_tr_16165_1st_16265.csv,42,success,9.160285234451294,,0.11469761971255481,0.6808327810088063,0.036038856474116705,0.5601547575450824,0.14704493441785801,0.26102481699696484,0.11169180229953661,0.1102793209201757,0.6702123434129705,GECCO
PCA,187_Exathlon_id_14_Facility_tr_6193_1st_6293.csv,13,success,14.237178802490234,,0.9941453732596505,0.9985916754544107,0.9979076508892607,0.999726166656795,0.9720034579897968,1.0,0.9999999999999996,0.8697677583824968,0.9993456794276594,Exathlon
PCA,187_Exathlon_id_14_Facility_tr_6193_1st_6293.csv,1337,success,14.121906042098999,,0.9941453732596505,0.9985916754544107,0.9979076508892607,0.999726166656795,0.9720034579897968,1.0,0.9999999999999996,0.8697677583824968,0.9993456794276594,Exathlon
PCA,187_Exathlon_id_14_Facility_tr_6193_1st_6293.csv,17,success,14.229193449020386,,0.9941453732596505,0.9985916754544107,0.9979076508892607,0.999726166656795,0.9720034579897968,1.0,0.9999999999999996,0.8697677583824968,0.9993456794276594,Exathlon
PCA,187_Exathlon_id_14_Facility_tr_6193_1st_6293.csv,2024,success,14.290943384170532,,0.9941453732596505,0.9985916754544107,0.9979076508892607,0.999726166656795,0.9720034579897968,1.0,0.9999999999999996,0.8697677583824968,0.9993456794276594,Exathlon
PCA,187_Exathlon_id_14_Facility_tr_6193_1st_6293.csv,42,success,14.212921142578125,,0.9941453732596505,0.9985916754544107,0.9979076508892607,0.999726166656795,0.9720034579897968,1.0,0.9999999999999996,0.8697677583824968,0.9993456794276594,Exathlon
PatchTST,002_MSL_id_1_Sensor_tr_500_1st_900.csv,13,success,2.560244560241699,,0.0075753468031689464,0.5776431718061674,0.10213713539750206,0.8622772152915612,0.018671973561204657,0.06470588235294118,0.0158910329171396,0.011527050775713827,0.8837500975482799,MSL
PatchTST,002_MSL_id_1_Sensor_tr_500_1st_900.csv,1337,success,2.1565122604370117,,0.015716207623082828,0.763516219463356,0.10805414022632673,0.9030133777908095,0.044608881040864974,0.11764705882352941,0.037234042553191446,0.03409090909090909,0.8837500975482799,MSL
PatchTST,002_MSL_id_1_Sensor_tr_500_1st_900.csv,17,success,2.1566643714904785,,0.006234111608892269,0.49634561473768524,0.10398472664179796,0.8467089850976505,0.017045146933818475,0.024444444444444446,0.013483146067415717,0.014128144751518159,0.8837500975482799,MSL
PatchTST,002_MSL_id_1_Sensor_tr_500_1st_900.csv,2024,success,2.1582701206207275,,0.007361924102120515,0.5722366840208251,0.10326711290682015,0.8626568261619902,0.01795710742873189,0.06769230769230769,0.014705882352941162,0.009551495016611294,0.8837500975482799,MSL
PatchTST,002_MSL_id_1_Sensor_tr_500_1st_900.csv,42,success,2.1566107273101807,,0.009794664250575236,0.6080796956347617,0.07300456721965311,0.8857210560838727,0.02973899257192454,0.1164021164021164,0.02657807308970097,0.0335195530726257,0.8837500975482799,MSL
PatchTST,027_MITDB_id_9_Medical_tr_25000_1st_52255.csv,13,success,19.09932255744934,,0.01521208211722787,0.7813320128813652,0.018464212343134424,0.8204072939909993,0.05381544501627828,0.9443838604143948,0.057142857142857086,0.03392462057990141,0.8716449999713178,MITDB
PatchTST,027_MITDB_id_9_Medical_tr_25000_1st_52255.csv,1337,success,18.962228059768677,,0.013561457541035127,0.7876948062709686,0.01705608201605165,0.8274629426403582,0.04148981636361725,0.7908675799086758,0.04428044280442799,0.029307870522356557,0.9071589610824734,MITDB
PatchTST,027_MITDB_id_9_Medical_tr_25000_1st_52255.csv,17,success,18.878883600234985,,0.015534178593260962,0.7847016380001619,0.019198046456549992,0.8261130702812605,0.052683302953167414,0.8391472868217055,0.055567161061207376,0.03150284042003787,0.8942566600762887,MITDB
PatchTST,027_MITDB_id_9_Medical_tr_25000_1st_52255.csv,2024,success,18.95130944252014,,0.013097681007476807,0.7614732414913156,0.01631960200089079,0.8092735470461572,0.03833621312635562,0.9087093389296957,0.043956043956043904,0.04174555092767891,0.8820091223548133,MITDB
PatchTST,027_MITDB_id_9_Medical_tr_25000_1st_52255.csv,42,success,18.635244369506836,,0.024037995675856665,0.7717010266463022,0.018988627817458754,0.8158896434412563,0.049092976808656964,0.9988465974625144,0.7692307692307687,0.2950179094757408,0.9577469326226131,MITDB
PatchTST,078_SMD_id_22_Facility_tr_500_1st_326.csv,13,success,6.191383361816406,,0.41378950443787343,0.922623998739454,0.3603350458373827,0.8943347576593714,0.5773623937538663,0.8870168483647175,0.5087900723888309,0.16759208899118813,0.8687511191952854,SMD
PatchTST,078_SMD_id_22_Facility_tr_500_1st_326.csv,1337,success,5.646379470825195,,0.4169191465477324,0.9310430604138393,0.3794535716387152,0.9100283233234144,0.5887913271918631,0.8770210681038707,0.45579407874656586,0.14273786106262434,0.8816661345561321,SMD
PatchTST,078_SMD_id_22_Facility_tr_500_1st_326.csv,17,success,5.645777702331543,,0.3774487299267337,0.9199584342069513,0.3753476309871221,0.902619403364531,0.5160959968049911,0.8852621167161226,0.4343790607016888,0.1479498804155791,0.8649054676186123,SMD
PatchTST,078_SMD_id_22_Facility_tr_500_1st_326.csv,2024,success,5.653884410858154,,0.19127267716327517,0.8222268390503695,0.18231100725894608,0.81736842116423,0.2915144629050605,0.8843873517786561,0.3821915023378731,0.1278733984643617,0.8711468661771665,SMD
PatchTST,078_SMD_id_22_Facility_tr_500_1st_326.csv,42,success,5.649333715438843,,0.44549330031450396,0.9330795118185037,0.40320458761482775,0.9145609141044453,0.6009528367014643,0.8664085188770572,0.5032810271041365,0.16238521691914715,0.8706132222683147,SMD
PatchTST,115_PSM_id_1_Facility_tr_50000_1st_129872.csv,13,success,176.42789912223816,,0.12192534910965946,0.5147937505054686,0.14861198829914166,0.5691640028175853,0.2015501131624559,0.8730473250080641,0.20149253731343264,0.03528516225209612,0.6942859761069553,PSM
PatchTST,115_PSM_id_1_Facility_tr_50000_1st_129872.csv,1337,success,175.70821380615234,,0.12835687453322298,0.5273741036033859,0.15727039078674232,0.5820261930107499,0.2017457506558765,0.8727859034895773,0.20149253731343264,0.035041566391857085,0.6942863362657214,PSM
PatchTST,115_PSM_id_1_Facility_tr_50000_1st_129872.csv,17,success,175.62910747528076,,0.12546235646154694,0.5177699687464213,0.1533822434996162,0.5725062310235874,0.20152174442830026,0.8728663242035429,0.20149253731343264,0.03525846563974193,0.694286354844439,PSM
PatchTST,115_PSM_id_1_Facility_tr_50000_1st_129872.csv,2024,success,175.71611976623535,,0.12517939978549247,0.5234273519511807,0.15244501451050346,0.5772829387898807,0.20151291806975458,0.8728864316977655,0.20149253731343264,0.03517578269803462,0.6942877655821338,PSM
PatchTST,115_PSM_id_1_Facility_tr_50000_1st_129872.csv,42,success,175.46700620651245,,0.12445574406863166,0.5201822145959878,0.15212786103192144,0.5752516052045906,0.2015222980398598,0.8730272101006843,0.20149253731343264,0.03525661514913114,0.6942863203474009,PSM
PatchTST,132_OPPORTUNITY_id_4_HumanActivity_tr_895_1st_995.csv,13,success,31.815343379974365,,0.027810825907105537,0.2240893918486598,0.028043293971111116,0.22528925163748797,0.0897532411068508,0.3802083333333333,0.08975409836065563,0.06680721149448256,0.6822910790326709,OPPORTUNITY
PatchTST,132_OPPORTUNITY_id_4_HumanActivity_tr_895_1st_995.csv,1337,success,31.81397581100464,,0.028259328851984768,0.24264742537188788,0.028518423970275625,0.2444023312365602,0.08977163694234852,0.28655544651619236,0.08975409836065563,0.10212170669153649,0.7204655656934387,OPPORTUNITY
PatchTST,132_OPPORTUNITY_id_4_HumanActivity_tr_895_1st_995.csv,17,success,31.808696269989014,,0.02809362537125523,0.2341778380781318,0.02832343959580045,0.2352285185843998,0.08976243808209308,0.4076314564913913,0.08975409836065563,0.10274454609429981,0.7204655656934387,OPPORTUNITY
PatchTST,132_OPPORTUNITY_id_4_HumanActivity_tr_895_1st_995.csv,2024,success,31.813186407089233,,0.028970080352072842,0.2645003507527694,0.029227614093129343,0.26652096916197116,0.08982686972163187,0.5107871720116618,0.08975409836065563,0.07284198959705226,0.7204655656934387,OPPORTUNITY
PatchTST,132_OPPORTUNITY_id_4_HumanActivity_tr_895_1st_995.csv,42,success,31.818652391433716,,0.02865210581691167,0.25487109514522194,0.028898124026575718,0.25649168017812246,0.0897440460160424,0.3294471605866867,0.08955835638897418,0.19518140180000176,0.7204655656934387,OPPORTUNITY
PatchTST,139_CATSv2_id_2_Sensor_tr_5592_1st_5692.csv,13,success,28.35871982574463,,0.03915936270581662,0.5444878747667761,0.04276441743464992,0.5748338324209883,0.0730728060653041,0.92230296254891,0.28571428571428537,0.0857692139642592,0.7224886543952445,CATSv2
PatchTST,139_CATSv2_id_2_Sensor_tr_5592_1st_5692.csv,1337,success,28.3564612865448,,0.03875076625076898,0.5426350628096248,0.04224885571137491,0.5721109863163871,0.07189680341839788,0.9372337404146549,0.23076923076923028,0.12011696186997589,0.7178332225382994,CATSv2
PatchTST,139_CATSv2_id_2_Sensor_tr_5592_1st_5692.csv,17,success,28.175240993499756,,0.040124993654114205,0.5566099980698707,0.04347732959075765,0.5856118813571516,0.07708243214297894,0.9134315964293128,0.33333333333333304,0.12263336886452461,0.739507488870585,CATSv2
PatchTST,139_CATSv2_id_2_Sensor_tr_5592_1st_5692.csv,2024,success,28.233938694000244,,0.03859147924933286,0.544944088174741,0.041813157375213954,0.5743894881089212,0.07345656451129211,0.9048361934477379,0.34285714285714236,0.12167070217917675,0.6895842174887695,CATSv2
PatchTST,139_CATSv2_id_2_Sensor_tr_5592_1st_5692.csv,42,success,28.160758018493652,,0.04049957303840056,0.5555179831757061,0.04375914321188842,0.584373034594618,0.07496671771180306,0.9291194481593581,0.3488372093023251,0.1326503670063896,0.7090122732793767,CATSv2
PatchTST,166_SMAP_id_23_Sensor_tr_1113_1st_1890.csv,13,success,1.7273740768432617,,0.2869170412092186,0.9840733697454835,0.3295223985460011,0.9883405536870378,0.5123922136857881,0.803921568627451,0.5686274509803917,0.35966086568496203,0.9943433914447093,SMAP
PatchTST,166_SMAP_id_23_Sensor_tr_1113_1st_1890.csv,1337,success,1.7144951820373535,,0.3124214977755823,0.9907790283705195,0.33429661505595903,0.9910647344790107,0.5481439188254992,0.8817204301075269,0.5619834710743797,0.47361449982572323,0.9943908289740093,SMAP
PatchTST,166_SMAP_id_23_Sensor_tr_1113_1st_1890.csv,17,success,1.715705156326294,,0.1955557846831787,0.9826747451518033,0.2258804923865716,0.9832151748799377,0.4767405550574005,0.656,0.41610738255033525,0.4125525581643685,0.9928410017272068,SMAP
PatchTST,166_SMAP_id_23_Sensor_tr_1113_1st_1890.csv,2024,success,1.715003252029419,,0.30353380164470584,0.9904418105831103,0.33197247106419087,0.9907355736749214,0.5314644413244505,0.8282828282828283,0.5393258426966288,0.3944636678200692,0.993805129082979,SMAP
PatchTST,166_SMAP_id_23_Sensor_tr_1113_1st_1890.csv,42,success,1.7156398296356201,,0.3662429964734324,0.9928631448599164,0.392910327385201,0.9929655313361747,0.6306259719522793,0.9010989010989011,0.6666666666666662,0.4497041420118343,0.994771334550109,SMAP
PatchTST,171_SWaT_id_1_Sensor_tr_3749_1st_9522.csv,13,success,33.935083627700806,,0.16141157359528835,0.5538186212016011,0.19286698621956874,0.615833633501236,0.2537050615801904,0.2841046277665996,0.23390848595489055,0.10901822495131641,0.7162979827641969,SWaT
PatchTST,171_SWaT_id_1_Sensor_tr_3749_1st_9522.csv,1337,success,33.93563389778137,,0.1553550110815229,0.5475509968704838,0.18427688663617953,0.605609699270676,0.23589912168443344,0.2860615883306321,0.23390848595489055,0.09946651861150002,0.7163019834292585,SWaT
PatchTST,171_SWaT_id_1_Sensor_tr_3749_1st_9522.csv,17,success,33.949618339538574,,0.16152716438837825,0.5551992115446094,0.19407443083676149,0.6176081439285794,0.2513518133309409,0.2860615883306321,0.23390848595489055,0.08780474807492473,0.716297897735382,SWaT
PatchTST,171_SWaT_id_1_Sensor_tr_3749_1st_9522.csv,2024,success,33.9573712348938,,0.161658341921019,0.5544023769770408,0.1939938869194345,0.6163882293959243,0.24871297701165518,0.2824,0.23390848595489055,0.09656297261335779,0.7162979049412143,SWaT
PatchTST,171_SWaT_id_1_Sensor_tr_3749_1st_9522.csv,42,success,33.94406604766846,,0.16213367857069902,0.5587186400112084,0.19802879779678925,0.6233540612194175,0.2551931551891029,0.2786108918705604,0.23380447585394556,0.11616722597912252,0.7162752147003482,SWaT
PatchTST,173_GECCO_id_1_Sensor_tr_16165_1st_16265.csv,13,success,26.40754508972168,,0.12826983165510805,0.8340778381366473,0.15588165205390067,0.9153154057803076,0.27560252458594414,0.5394285714285715,0.14053089449029627,0.039774966377686606,0.668701683565413,GECCO
PatchTST,173_GECCO_id_1_Sensor_tr_16165_1st_16265.csv,1337,success,26.67625904083252,,0.17948913489757662,0.8457337012099158,0.22432972159264927,0.9286344918082104,0.38465441692940555,0.5467181467181467,0.1340996168582371,0.03980982488575431,0.6687031653172529,GECCO
PatchTST,173_GECCO_id_1_Sensor_tr_16165_1st_16265.csv,17,success,26.4325008392334,,0.13106969122973228,0.8643111883845442,0.16070903808840478,0.9333995308294657,0.24980773534908665,0.5396341463414634,0.14333194848358913,0.04001389787209616,0.6687029437075019,GECCO
PatchTST,173_GECCO_id_1_Sensor_tr_16165_1st_16265.csv,2024,success,26.216939687728882,,0.15265333729073824,0.8930490694159376,0.21109869268248468,0.9505039677307845,0.25684618170061313,0.554858934169279,0.14769452449567685,0.040510534802183945,0.6687031074559353,GECCO
PatchTST,173_GECCO_id_1_Sensor_tr_16165_1st_16265.csv,42,success,26.467346906661987,,0.14118029214428346,0.8787288597425493,0.19036117015808188,0.9457251619791116,0.2552462968091079,0.538403041825095,0.15029088558500286,0.04128265914625656,0.668709326899825,GECCO
PatchTST,187_Exathlon_id_14_Facility_tr_6193_1st_6293.csv,13,success,15.692776918411255,,0.5459248434676178,0.9081021945059025,0.5997797195959077,0.9241481355227827,0.5888637379525091,0.9886972040452112,0.7063291139240502,0.3166115849105319,0.9014298706309191,Exathlon
PatchTST,187_Exathlon_id_14_Facility_tr_6193_1st_6293.csv,1337,success,15.668890237808228,,0.5243246831260368,0.9022860976116249,0.5734278201406422,0.9178171339774331,0.5681222289353685,0.9934249850567842,0.722477064220183,0.31838011390431575,0.910398544985278,Exathlon
PatchTST,187_Exathlon_id_14_Facility_tr_6193_1st_6293.csv,17,success,15.841647624969482,,0.5793217564428916,0.9208301640822367,0.6327988425861227,0.9356750766977876,0.6228112184862657,0.9892015985035286,0.7292418772563172,0.31835704004341936,0.9091273141130657,Exathlon
PatchTST,187_Exathlon_id_14_Facility_tr_6193_1st_6293.csv,2024,success,15.819089412689209,,0.5351431188517275,0.9015416274441789,0.5866417402086652,0.9169058157075065,0.5726237470992915,0.9929162754971409,0.7717140661029972,0.3206473199952326,0.9251848979688376,Exathlon
PatchTST,187_Exathlon_id_14_Facility_tr_6193_1st_6293.csv,42,success,15.66908860206604,,0.5467101562706776,0.9109246289258752,0.600271443231894,0.9268837133540989,0.6023079932176701,0.988445199660153,0.7294633077765602,0.3181192828979261,0.9180554766141912,Exathlon
TimesNet,002_MSL_id_1_Sensor_tr_500_1st_900.csv,13,success,0.6965649127960205,,0.0151878020896131,0.7658189827793352,0.12964022027579714,0.926007791706586,0.037656454111564916,0.14473684210526316,0.03418803418803416,0.046875,0.9740010177947989,MSL
TimesNet,002_MSL_id_1_Sensor_tr_500_1st_900.csv,1337,success,0.7647538185119629,,0.007554443858539345,0.5379455346415698,0.1043904521208728,0.8606338663183593,0.017856757725143207,0.16058394160583941,0.017094017094017075,0.02912621359223301,0.9740010177947989,MSL
TimesNet,002_MSL_id_1_Sensor_tr_500_1st_900.csv,17,success,0.5890665054321289,,0.0079522384457813,0.6120344413295955,0.09539641983975271,0.8747507605152286,0.020914749237042205,0.10185185185185185,0.018761726078799227,0.014962593516209476,0.9740010177947989,MSL
TimesNet,002_MSL_id_1_Sensor_tr_500_1st_900.csv,2024,success,0.7662539482116699,,0.00553116540794585,0.43597316780136164,0.10164442617815207,0.812332921756605,0.013029173667057099,0.0514018691588785,0.011976047904191604,0.01118328062241713,0.9740010177947989,MSL
TimesNet,002_MSL_id_1_Sensor_tr_500_1st_900.csv,42,success,0.6476559638977051,,0.019099363207664633,0.7999599519423308,0.07896465059996945,0.9302376900838435,0.05982816386760705,0.15172413793103448,0.054054054054053995,0.044521395003710114,0.7397045006471155,MSL
TimesNet,027_MITDB_id_9_Medical_tr_25000_1st_52255.csv,13,success,34.56057381629944,,0.014819688760452983,0.7654754556049866,0.01871276315837328,0.8056569268423441,0.0552002837310643,0.3396078431372549,0.056910569105691,0.028329887831076844,0.852470596251996,MITDB
TimesNet,027_MITDB_id_9_Medical_tr_25000_1st_52255.csv,1337,success,32.85646867752075,,0.0087016636366072,0.7253826621232987,0.011208566366409153,0.7660014657227145,0.025498387522070152,0.3923878568192116,0.027120315581854012,0.015387174214077655,0.8717049999713201,MITDB
TimesNet,027_MITDB_id_9_Medical_tr_25000_1st_52255.csv,17,success,32.81705069541931,,0.014911680065831372,0.8099524288900732,0.018022658805906432,0.8391059546932618,0.047678453132649755,0.3420221169036335,0.048150193263390345,0.01798916730885937,0.7595413263524093,MITDB
TimesNet,027_MITDB_id_9_Medical_tr_25000_1st_52255.csv,2024,success,32.89079236984253,,0.01758258794817824,0.8148338309499069,0.021080813997785563,0.8441805114640417,0.05410084871094251,0.35681911825298723,0.053147228559924785,0.03001744055498081,0.8564586292598942,MITDB
TimesNet,027_MITDB_id_9_Medical_tr_25000_1st_52255.csv,42,success,33.00045680999756,,0.01649116573212751,0.8139855968955276,0.020671603046993167,0.846848638994074,0.05503871042458318,0.43365047571357035,0.05593255192268141,0.03537813853469426,0.8556739428924608,MITDB
TimesNet,078_SMD_id_22_Facility_tr_500_1st_326.csv,13,success,3.428496837615967,,0.37579356277710324,0.9465148191326646,0.3733537397002017,0.9334797225761816,0.5319100466827777,0.8613207547169811,0.3716005812746518,0.14187728477730624,0.8750011916291215,SMD
TimesNet,078_SMD_id_22_Facility_tr_500_1st_326.csv,1337,success,1.60978364944458,,0.3706665180138894,0.9470275485460743,0.3675971363439924,0.9243503512326653,0.5263108860969342,0.8664085188770572,0.4027271285872835,0.13717557798959804,0.8756875271164914,SMD
TimesNet,078_SMD_id_22_Facility_tr_500_1st_326.csv,17,success,1.785024881362915,,0.35406843459869025,0.935087916413929,0.3634077557957978,0.9280794153537764,0.5157477975913805,0.8576796618130578,0.4083811557453618,0.17212074915927852,0.8831635336974469,SMD
TimesNet,078_SMD_id_22_Facility_tr_500_1st_326.csv,2024,success,1.9114346504211426,,0.3975741935151036,0.9482703385127564,0.41703121973204826,0.944812726235733,0.5469967356105871,0.8666350261034647,0.41746059241295636,0.14087564988464862,0.8754758673203354,SMD
TimesNet,078_SMD_id_22_Facility_tr_500_1st_326.csv,42,success,1.785231351852417,,0.31709002800969555,0.933835636925324,0.33069987436132686,0.9271490915410432,0.490736064060384,0.8360579168612797,0.37611004701375533,0.13723323208215374,0.8775666285958293,SMD
TimesNet,115_PSM_id_1_Facility_tr_50000_1st_129872.csv,13,success,91.7555718421936,,0.1283372156633614,0.5154254299693225,0.15486017355638576,0.5644473226048414,0.20160537711374793,0.8745943969654038,0.20149253731343264,0.04117553599091893,0.6942863541924214,PSM
TimesNet,115_PSM_id_1_Facility_tr_50000_1st_129872.csv,1337,success,74.39457964897156,,0.12525145140926208,0.5069980173691824,0.1504024219377441,0.5567765100093689,0.20155665391174904,0.8742348104157149,0.20149253731343264,0.12885072430517883,0.6942883968372793,PSM
TimesNet,115_PSM_id_1_Facility_tr_50000_1st_129872.csv,17,success,79.72724223136902,,0.12292511310082575,0.5019596990607142,0.14685203860107854,0.5500748156526886,0.20151447888742371,0.8747743011907755,0.20148510555654248,0.663846197360236,0.6942857498690795,PSM
TimesNet,115_PSM_id_1_Facility_tr_50000_1st_129872.csv,2024,success,84.9455840587616,,0.1330071881379623,0.5289141483500861,0.15975742730475176,0.5787398197306561,0.20181701970775293,0.8750142886536659,0.20149253731343264,0.04029322730531987,0.6942863555728812,PSM
TimesNet,115_PSM_id_1_Facility_tr_50000_1st_129872.csv,42,success,79.16494274139404,,0.12773210506630267,0.5130978418913635,0.15303237652102444,0.5618289535071906,0.20150510527598053,0.875815198736871,0.20149253731343264,0.04023520795648931,0.6942863348997202,PSM
TimesNet,132_OPPORTUNITY_id_4_HumanActivity_tr_895_1st_995.csv,13,success,3.1759932041168213,,0.029127935477859343,0.2667185729373039,0.029387958825206322,0.26853645587984953,0.0898084512450976,0.4,0.08975409836065563,0.1247194589619751,0.7072089000154951,OPPORTUNITY
TimesNet,132_OPPORTUNITY_id_4_HumanActivity_tr_895_1st_995.csv,1337,success,3.6080563068389893,,0.028372389065515577,0.24660360825669453,0.028636633199929495,0.24845079852682367,0.08978083768819677,0.46595744680851064,0.08975409836065563,0.10342358559281759,0.7282765824252918,OPPORTUNITY
TimesNet,132_OPPORTUNITY_id_4_HumanActivity_tr_895_1st_995.csv,17,success,3.619023323059082,,0.028391195349893192,0.246773074521473,0.02864710912074948,0.24865221446247618,0.08976243808209308,0.37922077922077924,0.08975409836065563,0.1171090684470415,0.7202075265959765,OPPORTUNITY
TimesNet,132_OPPORTUNITY_id_4_HumanActivity_tr_895_1st_995.csv,2024,success,3.0063045024871826,,0.02899694144030448,0.2638598736262183,0.029251013249617163,0.26569506797740466,0.08977163694234852,0.39037433155080214,0.08975409836065563,0.1064950963489181,0.7202075265959765,OPPORTUNITY
TimesNet,132_OPPORTUNITY_id_4_HumanActivity_tr_895_1st_995.csv,42,success,3.245549201965332,,0.029030246537292782,0.2661941140344791,0.02928254925204417,0.26818118319398987,0.08978083768819677,0.35580828594638503,0.08975409836065563,0.10207410859939409,0.6768284804149521,OPPORTUNITY
TimesNet,139_CATSv2_id_2_Sensor_tr_5592_1st_5692.csv,13,success,16.44822859764099,,0.04568898032786527,0.566857643312102,0.04942940251291324,0.595479419982082,0.09604729974227118,0.9003478616738285,0.3076923076923073,0.07997044446970557,0.6993878653532202,CATSv2
TimesNet,139_CATSv2_id_2_Sensor_tr_5592_1st_5692.csv,1337,success,16.465599060058594,,0.05209009898871129,0.5747029663674966,0.05780448834920441,0.605525340587441,0.11394162512309794,0.9403718743321222,0.33333333333333304,0.0936756496182375,0.7366039294697577,CATSv2
TimesNet,139_CATSv2_id_2_Sensor_tr_5592_1st_5692.csv,17,success,16.13263463973999,,0.04778155328941416,0.5565669284404555,0.051814021246855774,0.5859965479041261,0.09792902344895613,0.9274935590725064,0.28571428571428537,0.07864860989820259,0.718949552197746,CATSv2
TimesNet,139_CATSv2_id_2_Sensor_tr_5592_1st_5692.csv,2024,success,16.86819863319397,,0.05448123971229947,0.5910707802547771,0.05917362961236693,0.619338859908528,0.11710364368555501,0.89666951323655,0.24999999999999953,0.07937053136091404,0.7212945034744822,CATSv2
TimesNet,139_CATSv2_id_2_Sensor_tr_5592_1st_5692.csv,42,success,16.28474712371826,,0.04742624062741778,0.555157510213601,0.05140180389953967,0.5840986567828949,0.09384411440068617,0.9337200254650916,0.31578947368421023,0.09259145404242237,0.7395517236488459,CATSv2
TimesNet,166_SMAP_id_23_Sensor_tr_1113_1st_1890.csv,13,success,0.8071646690368652,,0.3190994664979506,0.99102226743029,0.40025412961967355,0.9911987109197214,0.6721266850605336,0.6776859504132231,0.6612903225806447,0.6612903225806451,0.9954801922073399,SMAP
TimesNet,166_SMAP_id_23_Sensor_tr_1113_1st_1890.csv,1337,success,0.6744725704193115,,0.35703494319613094,0.9925646241956526,0.4395846953146765,0.9929448891495986,0.7068919813018449,0.7192982456140351,0.6890756302521004,0.543046357615894,0.9957033147509884,SMAP
TimesNet,166_SMAP_id_23_Sensor_tr_1113_1st_1890.csv,17,success,0.6736299991607666,,0.3644949207759864,0.9928299758972204,0.44392615522684203,0.9931373202355039,0.7130388900106208,0.7256637168141593,0.7130434782608691,0.543046357615894,0.9958006241162412,SMAP
TimesNet,166_SMAP_id_23_Sensor_tr_1113_1st_1890.csv,2024,success,0.6745789051055908,,0.4431666495964128,0.9950357119165028,0.5329699254042463,0.9952255172128214,0.7809476208906917,0.803921568627451,0.7735849056603769,0.5125,0.9966583587827269,SMAP
TimesNet,166_SMAP_id_23_Sensor_tr_1113_1st_1890.csv,42,success,0.6727187633514404,,0.3146965227453404,0.9908619507772594,0.3894984258748728,0.9910481478262241,0.661285896231501,0.6833333333333333,0.6559999999999995,0.4910179640718563,0.9950754797578839,SMAP
TimesNet,171_SWaT_id_1_Sensor_tr_3749_1st_9522.csv,13,success,6.181285858154297,,0.16492217652194277,0.5357221534600776,0.19489319204251557,0.6004889307746205,0.25743241329952504,0.3336968375136314,0.3489096573208718,0.18932666125921788,0.7162752147003482,SWaT
TimesNet,171_SWaT_id_1_Sensor_tr_3749_1st_9522.csv,1337,success,7.676095962524414,,0.1581893039012591,0.5413689446417003,0.193611980069388,0.6088361673783985,0.2598662717947078,0.2656132430398796,0.28060522696010953,0.16228349612655982,0.7162752147003482,SWaT
TimesNet,171_SWaT_id_1_Sensor_tr_3749_1st_9522.csv,17,success,6.042341709136963,,0.16732721255367564,0.5447055599805867,0.1967006790467982,0.607676553390272,0.25391279193899147,0.23390848595489075,0.23999999999999957,0.11493495801086778,0.7163017341090018,SWaT
TimesNet,171_SWaT_id_1_Sensor_tr_3749_1st_9522.csv,2024,success,6.038272380828857,,0.1739309151521637,0.5390528085530303,0.20543078493547304,0.6069373900952687,0.26366339943937267,0.26977455101260983,0.3031161473087814,0.16009379546686073,0.7162752147003482,SWaT
TimesNet,171_SWaT_id_1_Sensor_tr_3749_1st_9522.csv,42,success,7.109853029251099,,0.15626594946039757,0.5266131173402132,0.1874618027813619,0.5931463429840144,0.2508741774678489,0.2605166051660517,0.25167336010709457,0.11469163263280253,0.7162752147003482,SWaT
TimesNet,173_GECCO_id_1_Sensor_tr_16165_1st_16265.csv,13,success,26.24434518814087,,0.18906174568900252,0.832140474003928,0.16417433999167094,0.9167164509064158,0.31619241535655673,0.5433614735226401,0.18651913740544168,0.0542103936591038,0.6687029981955229,GECCO
TimesNet,173_GECCO_id_1_Sensor_tr_16165_1st_16265.csv,1337,success,26.18119788169861,,0.19651258399265775,0.8578358660778236,0.17422312128212206,0.9247304342885088,0.33814476575152563,0.5494761350407451,0.19211990462132364,0.056996989054490264,0.6687028478273439,GECCO
TimesNet,173_GECCO_id_1_Sensor_tr_16165_1st_16265.csv,17,success,26.217127323150635,,0.20623145918566174,0.8076381262029179,0.14411757755938776,0.8899790194385466,0.3642217693731826,0.5535574667709148,0.19481865284974065,0.06944681337679862,0.6687031754484255,GECCO
TimesNet,173_GECCO_id_1_Sensor_tr_16165_1st_16265.csv,2024,success,26.135727882385254,,0.19696467618716362,0.8599103601539921,0.17684368887312266,0.9231428372935998,0.33295875801356883,0.543570057581574,0.18692363485649124,0.05612100340322048,0.6687021082078661,GECCO
TimesNet,173_GECCO_id_1_Sensor_tr_16165_1st_16265.csv,42,success,26.192471027374268,,0.19887933470922486,0.8426295688963241,0.1620457309529838,0.9132432836122576,0.33896614612999576,0.5486245641224332,0.19459997511509242,0.05919041478593186,0.6687030494984362,GECCO
TimesNet,187_Exathlon_id_14_Facility_tr_6193_1st_6293.csv,13,success,10.83213472366333,,0.683702064782952,0.9518050754072888,0.7540295176848887,0.9657323680371539,0.7334855680812369,0.9896223205171827,0.8763645595328758,0.3291896061699864,0.9505265808205602,Exathlon
TimesNet,187_Exathlon_id_14_Facility_tr_6193_1st_6293.csv,1337,success,9.459281921386719,,0.6918984980965565,0.9512262710446279,0.7652929650331887,0.9647671573646198,0.7227446023671419,0.9940191387559809,0.8856296296296291,0.3329810361953708,0.9606475151869309,Exathlon
TimesNet,187_Exathlon_id_14_Facility_tr_6193_1st_6293.csv,17,success,10.578167200088501,,0.6468160724460418,0.9277700416279766,0.722981346230608,0.9490213000300731,0.6947687560383635,0.9899591558883595,0.8710956866633609,0.32988109980536007,0.9570073978444966,Exathlon
TimesNet,187_Exathlon_id_14_Facility_tr_6193_1st_6293.csv,2024,success,10.188361644744873,,0.6578133136986342,0.9317610998372612,0.7349711444908869,0.9519555725571156,0.7016614143987652,0.9876061120543294,0.8806442335346558,0.33087378575135573,0.9657000749059753,Exathlon
TimesNet,187_Exathlon_id_14_Facility_tr_6193_1st_6293.csv,42,success,10.18813443183899,,0.6788999440737032,0.9462833568347322,0.7517541852589538,0.9602811580651858,0.6960375727437793,0.9882772680937818,0.8826615129762557,0.3315089800054624,0.9567313496811857,Exathlon
TranAD,002_MSL_id_1_Sensor_tr_500_1st_900.csv,13,success,1.0591371059417725,,0.15893835588232064,0.8796055266319583,0.14408228285214766,0.9504288061366926,0.3749957031742344,0.9166666666666666,0.7499999999999994,0.37096774193548393,0.8994473714704402,MSL
TranAD,002_MSL_id_1_Sensor_tr_500_1st_900.csv,1337,success,1.3698136806488037,,0.1536437059603412,0.8431617941529836,0.13506109566311722,0.932320441129432,0.3749957031742344,0.9166666666666666,0.7499999999999994,0.37096774193548393,0.8994473714704402,MSL
TranAD,002_MSL_id_1_Sensor_tr_500_1st_900.csv,17,success,1.7300498485565186,,0.19124597403296525,0.9675610732879456,0.16532566004702123,0.9699379828629823,0.3749957031742344,0.9166666666666666,0.7499999999999994,0.37096774193548393,0.8994473714704402,MSL
TranAD,002_MSL_id_1_Sensor_tr_500_1st_900.csv,2024,success,1.2115979194641113,,0.14939034074221613,0.8238886663996796,0.13544063789329813,0.9358987200984391,0.3749957031742344,0.9166666666666666,0.7499999999999994,0.37096774193548393,0.8994473714704402,MSL
TranAD,002_MSL_id_1_Sensor_tr_500_1st_900.csv,42,success,2.2173736095428467,,0.15414272755738495,0.8608329995995195,0.13392039838397976,0.9337470485984508,0.3749957031742344,0.9166666666666666,0.7499999999999994,0.37096774193548393,0.8994473714704402,MSL
TranAD,027_MITDB_id_9_Medical_tr_25000_1st_52255.csv,13,success,39.97930145263672,,0.009458820570040124,0.6496455054543215,0.011049897345024881,0.7037677371128945,0.03609200349548341,0.5773333333333334,0.037991858887381234,0.025624465877863743,0.7946999998741657,MITDB
TranAD,027_MITDB_id_9_Medical_tr_25000_1st_52255.csv,1337,success,58.290754079818726,,0.0094415625334865,0.6496548530889329,0.011031501562551938,0.7040214871506502,0.03611117084595107,0.5773333333333334,0.03764797205511349,0.025624465877863743,0.7946999998741657,MITDB
TranAD,027_MITDB_id_9_Medical_tr_25000_1st_52255.csv,17,success,34.83199429512024,,0.009473724000578618,0.6507608545463752,0.011052787756640241,0.7043613466885448,0.03645876176783329,0.5773333333333334,0.03803609547836208,0.025624465877863743,0.7946999998741657,MITDB
TranAD,027_MITDB_id_9_Medical_tr_25000_1st_52255.csv,2024,success,50.37041354179382,,0.009447933690601998,0.6481933515772255,0.01103231503729817,0.7030094784311269,0.03611756448765862,0.5773333333333334,0.03765527950310556,0.025624465877863743,0.7946999998741657,MITDB
TranAD,027_MITDB_id_9_Medical_tr_25000_1st_52255.csv,42,success,38.50369143486023,,0.00946235281010654,0.6520633998794457,0.0110364623497787,0.7057754321383558,0.03611117084595107,0.5773333333333334,0.03764066744276286,0.025624465877863743,0.7946999998741657,MITDB
TranAD,078_SMD_id_22_Facility_tr_500_1st_326.csv,13,success,1.7368347644805908,,0.5986355961139824,0.9026901824611535,0.5141981281116198,0.873920374974212,0.7515567493874441,0.9214814814814815,0.6571976967370436,0.24697565261494234,0.8969595222880671,SMD
TranAD,078_SMD_id_22_Facility_tr_500_1st_326.csv,1337,success,1.706336259841919,,0.5913507552182642,0.8961248250870232,0.49048593887965897,0.8360685448347756,0.7603414873360407,0.9237623762376238,0.6579399141630896,0.2238185567882988,0.8845906778700474,SMD
TranAD,078_SMD_id_22_Facility_tr_500_1st_326.csv,17,success,1.3152341842651367,,0.5806917681472592,0.8889755879728871,0.49430530815921275,0.8520997316537333,0.7501163016548154,0.9219367588932806,0.6492467043314495,0.22369859374056264,0.891446256293787,SMD
TranAD,078_SMD_id_22_Facility_tr_500_1st_326.csv,2024,success,3.0442306995391846,,0.5868819503576673,0.8922359557395201,0.48583484955527056,0.8386856902114278,0.7646155904195355,0.9251363411006446,0.6656922927019385,0.24776402396111857,0.8959835406806008,SMD
TranAD,078_SMD_id_22_Facility_tr_500_1st_326.csv,42,success,1.5357625484466553,,0.5910045041377398,0.8973027488994053,0.497284523933755,0.8531029529354857,0.7615334617978029,0.9246778989098117,0.6646560949508702,0.24776402396111857,0.8992282333087781,SMD
TranAD,115_PSM_id_1_Facility_tr_50000_1st_129872.csv,13,success,166.0721971988678,,0.1488486999765676,0.5611893378898748,0.1544430679798763,0.5710750573321227,0.21629923295098935,0.8682490540075679,0.23884522462460595,0.07696053110874701,0.6942863652719024,PSM
TranAD,115_PSM_id_1_Facility_tr_50000_1st_129872.csv,1337,success,151.2892370223999,,0.1491360055705518,0.562115330095714,0.15481281780519296,0.5724377298434684,0.2165868296454359,0.8682490540075679,0.23884522462460595,0.07696053110874701,0.6942863652719024,PSM
TranAD,115_PSM_id_1_Facility_tr_50000_1st_129872.csv,17,success,173.01522159576416,,0.1486773217338254,0.5608930657754794,0.15429933452746278,0.5709339909088245,0.21572414416657915,0.8682490540075679,0.23884522462460595,0.07696053110874701,0.6942863652719024,PSM
TranAD,115_PSM_id_1_Facility_tr_50000_1st_129872.csv,2024,success,129.79022979736328,,0.15006170193819626,0.56646688131714,0.15561128449202136,0.5752236657147803,0.21772941084196049,0.8682490540075679,0.23884522462460595,0.07696053110874701,0.6942863652719024,PSM
TranAD,115_PSM_id_1_Facility_tr_50000_1st_129872.csv,42,success,126.25022983551025,,0.15051200847520324,0.5687422121062106,0.15616130993760405,0.5774613859080339,0.21824781345624053,0.8682490540075679,0.23884522462460595,0.07696053110874701,0.6942863652719024,PSM
TranAD,132_OPPORTUNITY_id_4_HumanActivity_tr_895_1st_995.csv,13,success,1.488898754119873,,0.23109181936732087,0.9273813286463513,0.23953393591426267,0.9274235915401224,0.5127510759179625,0.6801242236024845,0.4758771929824557,0.16265699157661107,0.7147147263406726,OPPORTUNITY
TranAD,132_OPPORTUNITY_id_4_HumanActivity_tr_895_1st_995.csv,1337,success,2.3282175064086914,,0.22895905916494114,0.9263596487846995,0.2372251168689698,0.9263390601121916,0.5092023340724762,0.6817120622568094,0.476661175178473,0.16535883990534964,0.7147147263406726,OPPORTUNITY
TranAD,132_OPPORTUNITY_id_4_HumanActivity_tr_895_1st_995.csv,17,success,2.0870792865753174,,0.23261113288511487,0.9280124266695446,0.24097400380966721,0.9280496431125214,0.5153020963259693,0.6806526806526807,0.4777105118326908,0.17295097081742622,0.714859273651299,OPPORTUNITY
TranAD,132_OPPORTUNITY_id_4_HumanActivity_tr_895_1st_995.csv,2024,success,4.0694921016693115,,0.23261113288511487,0.9280124266695446,0.24097400380966721,0.9280496431125214,0.5153020963259693,0.6806526806526807,0.4777105118326908,0.17295097081742622,0.714859273651299,OPPORTUNITY
TranAD,132_OPPORTUNITY_id_4_HumanActivity_tr_895_1st_995.csv,42,success,1.5987966060638428,,0.23101387185604633,0.9273271097200916,0.23925805714481002,0.9273281338123762,0.5104988430087601,0.6827747466874513,0.476661175178473,0.1620098614698286,0.7147147263406726,OPPORTUNITY
TranAD,139_CATSv2_id_2_Sensor_tr_5592_1st_5692.csv,13,success,10.542012691497803,,0.09506123307610406,0.6278119479025929,0.08247461617835,0.6523032014007784,0.14303532109372258,0.8834158747155668,0.5313496280552599,0.12575395519229865,0.7359810386328619,CATSv2
TranAD,139_CATSv2_id_2_Sensor_tr_5592_1st_5692.csv,1337,success,19.12585997581482,,0.08640353377178733,0.6154215133018079,0.07756748708449894,0.6396617148563742,0.1416345027826501,0.8922147071521083,0.519003931847968,0.1242923370470776,0.7274739961199292,CATSv2
TranAD,139_CATSv2_id_2_Sensor_tr_5592_1st_5692.csv,17,success,14.76938009262085,,0.08564686443835956,0.6162837877179437,0.07618854941255976,0.64047818407228,0.13946275708999165,0.8919521589296574,0.520908004778972,0.1223634750003282,0.7247555949653732,CATSv2
TranAD,139_CATSv2_id_2_Sensor_tr_5592_1st_5692.csv,2024,success,18.53119945526123,,0.08687584193021766,0.6268758520716722,0.07804296816269451,0.6511923467120496,0.1434160035739219,0.8937581086925184,0.49572649572649513,0.11402758768448293,0.7272290433696448,CATSv2
TranAD,139_CATSv2_id_2_Sensor_tr_5592_1st_5692.csv,42,success,13.346634864807129,,0.08568473791257723,0.6142450443929743,0.0765234104546735,0.6384435546483145,0.14164339952548968,0.8765522279035792,0.5885416666666662,0.1406402411989004,0.7243344830518132,CATSv2
TranAD,166_SMAP_id_23_Sensor_tr_1113_1st_1890.csv,13,success,0.7698638439178467,,0.7833790048203647,0.8606323109921943,0.7455828824633529,0.8631837032824069,0.8767074047940279,1.0,0.9999999999999996,0.9037433155080214,0.9998767464345476,SMAP
TranAD,166_SMAP_id_23_Sensor_tr_1113_1st_1890.csv,1337,success,0.8339190483093262,,0.7833391532141536,0.8570666475023772,0.7455495220428908,0.8602876167036774,0.8767074047940279,1.0,0.9999999999999996,0.9037433155080214,0.9998767464345476,SMAP
TranAD,166_SMAP_id_23_Sensor_tr_1113_1st_1890.csv,17,success,0.8442764282226562,,0.7832881800626271,0.8518922893218053,0.7455058049733487,0.8560766419873772,0.8767074047940279,1.0,0.9999999999999996,0.9037433155080214,0.9998767464345476,SMAP
TranAD,166_SMAP_id_23_Sensor_tr_1113_1st_1890.csv,2024,success,0.8421928882598877,,0.7833391532141534,0.8570666475023772,0.7455493803285734,0.8602848862804819,0.8767074047940279,1.0,0.9999999999999996,0.9037433155080214,0.9998767464345476,SMAP
TranAD,166_SMAP_id_23_Sensor_tr_1113_1st_1890.csv,42,success,0.7521286010742188,,0.7833189949088177,0.8551096787033147,0.745532289337252,0.8587579609838051,0.8767074047940279,1.0,0.9999999999999996,0.9037433155080214,0.9998767464345476,SMAP
TranAD,171_SWaT_id_1_Sensor_tr_3749_1st_9522.csv,13,success,1.8035693168640137,,0.2595739532556737,0.7627303306078754,0.32036448415828855,0.7949311285049628,0.4774236951588314,0.25524222704266086,0.2857142857142854,0.19613728820253565,0.7162966266253163,SWaT
TranAD,171_SWaT_id_1_Sensor_tr_3749_1st_9522.csv,1337,success,1.7980151176452637,,0.25997945873948974,0.7574028189641092,0.31886013125939416,0.7899206771618863,0.45544098783640313,0.25533453887884267,0.2857142857142854,0.19705568154488126,0.7162966266253163,SWaT
TranAD,171_SWaT_id_1_Sensor_tr_3749_1st_9522.csv,17,success,1.8440191745758057,,0.2674349666638333,0.7669887134615638,0.32508319480511305,0.7970589452784603,0.46141995834836547,0.2555193630112197,0.2857142857142854,0.2035655998087619,0.7162966266253163,SWaT
TranAD,171_SWaT_id_1_Sensor_tr_3749_1st_9522.csv,2024,success,1.7847092151641846,,0.25902374564811675,0.7551767058107753,0.3132486179304704,0.7830851205425282,0.43999553397006524,0.24841660802251936,0.31384159881569157,0.18006514157755643,0.7162966266253163,SWaT
TranAD,171_SWaT_id_1_Sensor_tr_3749_1st_9522.csv,42,success,1.892763376235962,,0.24787325739242352,0.7488002489370249,0.305390345941595,0.7833765546950463,0.4235577380084657,0.2550578034682081,0.2857142857142854,0.19181160021632293,0.7162966266253163,SWaT
TranAD,173_GECCO_id_1_Sensor_tr_16165_1st_16265.csv,13,success,52.29970693588257,,0.37195658805026266,0.8875065780231154,0.21638896773558206,0.9045172186484968,0.4069629527802409,0.6082779009608278,0.3353381066030227,0.11550145529903814,0.6687027104571769,GECCO
TranAD,173_GECCO_id_1_Sensor_tr_16165_1st_16265.csv,1337,success,61.1833713054657,,0.37367764676499937,0.8856458779041826,0.21889466734022334,0.9039077173648365,0.40489884297328094,0.604480352552332,0.3334383665238212,0.1164128862191499,0.6687027104571769,GECCO
TranAD,173_GECCO_id_1_Sensor_tr_16165_1st_16265.csv,17,success,54.77520132064819,,0.37353731259972583,0.8857181646869738,0.21668588927262789,0.904066255242264,0.4047378091109262,0.6051470588235294,0.33374419266141997,0.11595862247735923,0.6687027104571769,GECCO
TranAD,173_GECCO_id_1_Sensor_tr_16165_1st_16265.csv,2024,success,61.10799551010132,,0.37396647000216227,0.8888643963485041,0.21954816081134326,0.9048160366432445,0.40658946004835356,0.6076042820228866,0.3350642771198781,0.11540290915027904,0.6687027104571769,GECCO
TranAD,173_GECCO_id_1_Sensor_tr_16165_1st_16265.csv,42,success,51.128501892089844,,0.37245045738886995,0.8904914027329084,0.21503237128851735,0.9057137905218016,0.4074663706955453,0.606484893146647,0.33444180522565287,0.116163725037487,0.6687027104571769,GECCO
TranAD,187_Exathlon_id_14_Facility_tr_6193_1st_6293.csv,13,success,13.029196739196777,,0.966739512474637,0.9945908796255076,0.975578227115432,0.9963657733528817,0.9356945885371601,0.9993986770895971,0.9975253093363324,0.3465822934446236,0.9962828966264197,Exathlon
TranAD,187_Exathlon_id_14_Facility_tr_6193_1st_6293.csv,1337,success,17.50899624824524,,0.971652884372483,0.9958620062246601,0.9798293826921879,0.9972500174707811,0.9517082610717252,0.9993986770895971,0.9963306712713139,0.354696743863343,0.9955937140264774,Exathlon
TranAD,187_Exathlon_id_14_Facility_tr_6193_1st_6293.csv,17,success,11.623478412628174,,0.9734315221744843,0.9960983523741362,0.9819305946766731,0.997607883430298,0.9521086663657264,0.9993986770895971,0.9965397923875426,0.37393414560486476,0.9961062729151823,Exathlon
TranAD,187_Exathlon_id_14_Facility_tr_6193_1st_6293.csv,2024,success,9.866493701934814,,0.9699482689479211,0.9949778989707002,0.9785277614199175,0.9966809199978361,0.9491802130280739,0.9993986770895971,0.9979657076431264,0.36445329863484766,0.9961187551772669,Exathlon
TranAD,187_Exathlon_id_14_Facility_tr_6193_1st_6293.csv,42,success,16.2522554397583,,0.9701169948466105,0.9952003363395282,0.9785468210052529,0.99680249277549,0.9458699361300109,0.9993986770895971,0.9979844514828672,0.3569984752975383,0.9956545770808541,Exathlon
USAD,002_MSL_id_1_Sensor_tr_500_1st_900.csv,13,success,0.25110769271850586,,0.08183606407771543,0.9654585502603126,0.5173334986687879,0.9876805802588433,0.23404048666378796,0.2857142857142857,0.22680412371133998,0.4507091577657153,0.986416287006371,MSL
USAD,002_MSL_id_1_Sensor_tr_500_1st_900.csv,1337,success,0.24939870834350586,,0.08197313523512181,0.9656087304765719,0.5244284163954733,0.9877769120955177,0.23404048666378796,0.2894736842105263,0.22680412371133998,0.40720438527799535,0.986416287006371,MSL
USAD,002_MSL_id_1_Sensor_tr_500_1st_900.csv,17,success,0.2491312026977539,,0.08219015663567666,0.9657088506207449,0.5213379965690629,0.987787961105422,0.23404048666378796,0.3013698630136986,0.22916666666666646,0.3044776119402985,0.986416287006371,MSL
USAD,002_MSL_id_1_Sensor_tr_500_1st_900.csv,2024,success,0.2712528705596924,,0.0813774831106599,0.9652583099719664,0.5166639546367446,0.9876424359752184,0.23404048666378796,0.2857142857142857,0.22680412371133998,0.40720438527799535,0.986416287006371,MSL
USAD,002_MSL_id_1_Sensor_tr_500_1st_900.csv,42,success,0.2771158218383789,,0.0822734792543093,0.9657088506207447,0.5193866004777383,0.9878007183929869,0.23404048666378796,0.2894736842105263,0.22448979591836715,0.42117894105294734,0.986416287006371,MSL
USAD,027_MITDB_id_9_Medical_tr_25000_1st_52255.csv,13,success,8.962619304656982,,0.009185285461182763,0.7240144397991571,0.010734318976854035,0.7563256700933831,0.028270398850963614,0.6540785498489426,0.030985915492957716,0.04267561735794773,0.8576294660275045,MITDB
USAD,027_MITDB_id_9_Medical_tr_25000_1st_52255.csv,1337,success,9.153570890426636,,0.010888555833862825,0.7273616932217193,0.012241180758225782,0.7609512697302628,0.04143973739846256,0.7801801801801802,0.057458563535911535,0.14332568055100034,0.8679884303938754,MITDB
USAD,027_MITDB_id_9_Medical_tr_25000_1st_52255.csv,17,success,9.144296169281006,,0.009647102793757113,0.7260694581208689,0.010826900676602035,0.7571274591244046,0.02912978061126923,0.5293398533007335,0.029555384219994832,0.04087803909017669,0.8646515600492511,MITDB
USAD,027_MITDB_id_9_Medical_tr_25000_1st_52255.csv,2024,success,9.182848453521729,,0.009460060384788313,0.7266132213918136,0.010798942243269263,0.7589058159580323,0.02908517669151126,0.3681972789115646,0.029146426092990944,0.04039809363610877,0.8560548029927935,MITDB
USAD,027_MITDB_id_9_Medical_tr_25000_1st_52255.csv,42,success,9.126131534576416,,0.009623984399938003,0.715554192610122,0.010973489755499936,0.7530717636280843,0.029400421176660266,0.5443117536140792,0.030506406345332488,0.040858403995818325,0.8688407105465843,MITDB
USAD,078_SMD_id_22_Facility_tr_500_1st_326.csv,13,success,1.2632389068603516,,0.6302858528424766,0.909102610917539,0.32293823248988085,0.6676926665244486,0.7546435387807042,0.8452442159383033,0.5001801369040466,0.42067647879621334,0.7841271730189325,SMD
USAD,078_SMD_id_22_Facility_tr_500_1st_326.csv,1337,success,0.8501846790313721,,0.6343431614670307,0.9097458739769557,0.3271530677585842,0.6686629668211358,0.7557269518607483,0.845679012345679,0.500330350171181,0.4207546385629159,0.7829089677465029,SMD
USAD,078_SMD_id_22_Facility_tr_500_1st_326.csv,17,success,0.8489208221435547,,0.6262825210254881,0.9084396940038283,0.3165927716156632,0.6659165653792782,0.7531595712236822,0.8448098663926003,0.5002106783843973,0.4205443780615578,0.7850146850047098,SMD
USAD,078_SMD_id_22_Facility_tr_500_1st_326.csv,2024,success,0.8473336696624756,,0.6251750770873568,0.9082551966098198,0.31185506534581114,0.6643898443526125,0.7527124046658927,0.8443759630200308,0.5000601757130817,0.4203916912959092,0.7851910049530122,SMD
USAD,078_SMD_id_22_Facility_tr_500_1st_326.csv,42,success,1.2994880676269531,,0.6295136174727156,0.9089883148979336,0.32357333207965705,0.66757879824315,0.7532770416510975,0.8452442159383033,0.5001202212070204,0.42050132757751907,0.7844995826366267,SMD
USAD,115_PSM_id_1_Facility_tr_50000_1st_129872.csv,13,success,23.01950740814209,,0.15033365481631866,0.5732136379078594,0.14916860877082383,0.506267563241526,0.2218998572484597,0.797660718859387,0.22632995097889602,0.24891577635890394,0.7136734249156849,PSM
USAD,115_PSM_id_1_Facility_tr_50000_1st_129872.csv,1337,success,22.786759853363037,,0.1616139695168106,0.608027280737168,0.16082517588877623,0.5369362612129236,0.2428027939570949,0.8020086698999958,0.24877295962592852,0.26496529124217305,0.7038893587710018,PSM
USAD,115_PSM_id_1_Facility_tr_50000_1st_129872.csv,17,success,23.134316205978394,,0.1579250569491871,0.5805953666801801,0.1542111553339267,0.5165233952197164,0.22156957714333425,0.8055663096313502,0.2291932812869643,0.24704570537157763,0.7107305577607791,PSM
USAD,115_PSM_id_1_Facility_tr_50000_1st_129872.csv,2024,success,22.962213039398193,,0.1793952787809443,0.6378279626973774,0.17593008975550817,0.575284379932854,0.2525139703439778,0.8101452417082159,0.26400118062113603,0.24659460312679032,0.7306605780653969,PSM
USAD,115_PSM_id_1_Facility_tr_50000_1st_129872.csv,42,success,23.095171213150024,,0.1586385515742292,0.6049489166121609,0.1586060016483266,0.5352073279443766,0.2381649703343898,0.8010204081632653,0.243911770478338,0.24806279735792974,0.7100450616240432,PSM
USAD,132_OPPORTUNITY_id_4_HumanActivity_tr_895_1st_995.csv,13,success,1.645857334136963,,0.2328869281703316,0.9279461305417009,0.24178510140007403,0.92797637866209,0.5103499018679736,0.6503340757238307,0.5266757865937068,0.30394357165758257,0.7116213472504783,OPPORTUNITY
USAD,132_OPPORTUNITY_id_4_HumanActivity_tr_895_1st_995.csv,1337,success,1.6926817893981934,,0.23410094013463145,0.928383736377816,0.24311824194847134,0.9284474910242151,0.5079745951911432,0.6488888888888888,0.5245231607629424,0.2911202697639566,0.7104259421925093,OPPORTUNITY
USAD,132_OPPORTUNITY_id_4_HumanActivity_tr_895_1st_995.csv,17,success,1.6532249450683594,,0.22800668915010402,0.9258282519150075,0.23657596615374415,0.92585993618658,0.5055916826698841,0.6469719350073855,0.5220938137321546,0.2991314588547034,0.7124472429206612,OPPORTUNITY
USAD,132_OPPORTUNITY_id_4_HumanActivity_tr_895_1st_995.csv,2024,success,1.7296411991119385,,0.22989185279221858,0.9266805939927485,0.23843456630122867,0.9266685658437614,0.5026696556219227,0.6464944649446495,0.5187202178352617,0.3235341887282768,0.7106191112088952,OPPORTUNITY
USAD,132_OPPORTUNITY_id_4_HumanActivity_tr_895_1st_995.csv,42,success,1.7924919128417969,,0.2343379104954597,0.9285438235392369,0.24341792535019988,0.9285634607287525,0.5113141108948879,0.6503340757238307,0.5251700680272104,0.32638181525759935,0.7107627838470176,OPPORTUNITY
USAD,139_CATSv2_id_2_Sensor_tr_5592_1st_5692.csv,13,success,6.151017189025879,,0.1383806141250537,0.629352249806987,0.07701091242480215,0.5722930204745579,0.17850842178131812,0.4866694879390605,0.36474164133738557,0.18940087155771715,0.7579296323793464,CATSv2
USAD,139_CATSv2_id_2_Sensor_tr_5592_1st_5692.csv,1337,success,6.006331205368042,,0.1382696986974814,0.6213263852698964,0.07622798435341098,0.5520996958278587,0.18172211393456886,0.4899387576552931,0.3425131006801199,0.19063667480746704,0.7495081739957965,CATSv2
USAD,139_CATSv2_id_2_Sensor_tr_5592_1st_5692.csv,17,success,5.996893882751465,,0.13752947415075054,0.6269797312294925,0.0764388478378419,0.5763879702214689,0.17142357785409565,0.5056433408577878,0.3566775244299669,0.17638900893397344,0.7673931410000848,CATSv2
USAD,139_CATSv2_id_2_Sensor_tr_5592_1st_5692.csv,2024,success,6.019445896148682,,0.14448389132455555,0.6348829537412339,0.08045564126672386,0.5815403031890021,0.18926817169071988,0.4816753926701571,0.3518225039619646,0.1749861379380124,0.7665610329350088,CATSv2
USAD,139_CATSv2_id_2_Sensor_tr_5592_1st_5692.csv,42,success,6.243872165679932,,0.1423668076193099,0.6356925991603937,0.08040815724011195,0.5776047877757524,0.1984541621821106,0.4685016313896093,0.31601731601731575,0.18063173081508707,0.7334060901753234,CATSv2
USAD,166_SMAP_id_23_Sensor_tr_1113_1st_1890.csv,13,success,0.4876432418823242,,0.4926079426319169,0.9960528934391791,0.5755401558419629,0.9963539086200284,0.7961117127256128,0.8367346938775511,0.7878787878787874,0.7256637168141593,0.9976976644639779,SMAP
USAD,166_SMAP_id_23_Sensor_tr_1113_1st_1890.csv,1337,success,0.4734060764312744,,0.4767551637734324,0.9957377882935674,0.5581693394829949,0.9958567514037416,0.7920743848935969,0.8282828282828283,0.7959183673469382,0.783260271179529,0.9976618912587233,SMAP
USAD,166_SMAP_id_23_Sensor_tr_1113_1st_1890.csv,17,success,0.47761988639831543,,0.49909301713019183,0.9961800411295139,0.5724471337299443,0.9965205367682402,0.8039167608899592,0.8282828282828283,0.7816091954022983,0.766355140186916,0.9975749265826924,SMAP
USAD,166_SMAP_id_23_Sensor_tr_1113_1st_1890.csv,2024,success,0.4680650234222412,,0.4963480367654515,0.9961302876854696,0.5738805148087369,0.9963905103519268,0.7920743848935969,0.8913043478260869,0.7999999999999995,0.7256637168141593,0.9977728589882445,SMAP
USAD,166_SMAP_id_23_Sensor_tr_1113_1st_1890.csv,42,success,0.5151262283325195,,0.488753833405435,0.9959976118346858,0.5654663985285965,0.9962310396314146,0.7961117127256128,0.8913043478260869,0.7916666666666661,0.7192982456140351,0.9976749680209152,SMAP
USAD,171_SWaT_id_1_Sensor_tr_3749_1st_9522.csv,13,success,2.191164255142212,,0.26098661852288824,0.7455451612478742,0.2900971421916663,0.7263854699895013,0.48237341112791854,0.5349781386633354,0.49762398768489347,0.3635590738917374,0.7164138020673105,SWaT
USAD,171_SWaT_id_1_Sensor_tr_3749_1st_9522.csv,1337,success,2.1460111141204834,,0.2575071198598224,0.7562765066456743,0.28643624625233,0.735452291189768,0.459704431825805,0.5094423791821562,0.463065049614112,0.32851775699848473,0.7624563767984015,SWaT
USAD,171_SWaT_id_1_Sensor_tr_3749_1st_9522.csv,17,success,2.2262327671051025,,0.23995313674630597,0.7282614543154888,0.2788945349917431,0.727092454708186,0.41521696626380383,0.39252978918423465,0.3808379358953616,0.36737525310658237,0.7692495426029127,SWaT
USAD,171_SWaT_id_1_Sensor_tr_3749_1st_9522.csv,2024,success,2.1781742572784424,,0.24943189736806756,0.7390530214189566,0.28146549249692837,0.7192664249323588,0.42439589671231776,0.5123373710183939,0.4360546113123428,0.3075578960889864,0.7332440763294332,SWaT
USAD,171_SWaT_id_1_Sensor_tr_3749_1st_9522.csv,42,success,2.3602194786071777,,0.2419957168349528,0.750524250073342,0.28260844969871635,0.7512281400818243,0.4152239640975312,0.5415744546316787,0.448745132811596,0.4272587573854812,0.7657286619765021,SWaT
USAD,173_GECCO_id_1_Sensor_tr_16165_1st_16265.csv,13,success,7.698160648345947,,0.3297550637954605,0.839021686543079,0.10872469626262052,0.768928863589861,0.4478785584984739,0.5617056170561706,0.17542353033023608,0.145686156518972,0.6687054876864904,GECCO
USAD,173_GECCO_id_1_Sensor_tr_16165_1st_16265.csv,1337,success,7.6710991859436035,,0.3418744818047126,0.8662769335766738,0.12621751206800821,0.8044651402413769,0.4478785584984739,0.5614754098360656,0.17914983804534687,0.1541300304519512,0.6687054804074313,GECCO
USAD,173_GECCO_id_1_Sensor_tr_16165_1st_16265.csv,17,success,7.76715087890625,,0.3481270106065901,0.8747835769511915,0.1388106152248497,0.8193451488400648,0.44851026853830067,0.5614754098360656,0.18156001514577771,0.15416679181905055,0.6687054876864904,GECCO
USAD,173_GECCO_id_1_Sensor_tr_16165_1st_16265.csv,2024,success,7.712465286254883,,0.3297177337326946,0.8293025035940094,0.106058547224742,0.7544988187499354,0.4478785584984739,0.5614754098360656,0.1806052324880436,0.14683283002560296,0.6687034040761447,GECCO
USAD,173_GECCO_id_1_Sensor_tr_16165_1st_16265.csv,42,success,7.5239417552948,,0.3340927779985319,0.8437157108964082,0.1147303808727343,0.7836969026582327,0.44851026853830067,0.5617056170561706,0.17624371047633922,0.14965365842720602,0.6687054221749549,GECCO
USAD,187_Exathlon_id_14_Facility_tr_6193_1st_6293.csv,13,success,2.94511079788208,,0.9676374979827447,0.9972272975206372,0.9646323300371705,0.9975831896458776,0.9713260583154355,0.9913087934560327,0.9902207320480576,0.843287963704136,0.9903077090656149,Exathlon
USAD,187_Exathlon_id_14_Facility_tr_6193_1st_6293.csv,1337,success,3.1125268936157227,,0.9674875255108282,0.9972063785798532,0.9645426205767798,0.9975688243165124,0.9712333718734585,0.9912243333049331,0.9902286135693209,0.8436254029965321,0.9902877171862547,Exathlon
USAD,187_Exathlon_id_14_Facility_tr_6193_1st_6293.csv,17,success,2.970329999923706,,0.9684455599261494,0.9972545089798257,0.9665416091168858,0.9976632321792069,0.9718319783312086,0.9913087934560327,0.990273444668746,0.8441076776861569,0.9903628953840937,Exathlon
USAD,187_Exathlon_id_14_Facility_tr_6193_1st_6293.csv,2024,success,2.9644038677215576,,0.9703889555059002,0.9973014440117535,0.9688812011389223,0.9977542517422778,0.9719560191529828,0.9913087934560327,0.9904744624875256,0.8439709455454617,0.9905385767268525,Exathlon
USAD,187_Exathlon_id_14_Facility_tr_6193_1st_6293.csv,42,success,2.9993791580200195,,0.970954403957872,0.9974175925370916,0.9690827144186759,0.9977790431724027,0.9725767443335651,0.9913087934560327,0.9905609003448895,0.8438901500836513,0.9906382956702277,Exathlon
